filename,nbWord,nbConcepts,nbUniqueConcepts,conceptsWordsRatio,uniqueConceptsWordsRatio,nbNodes,radius,diameter,assortativity,density,textDensityMean,textDensityStd,nbTypesMean,nbTypesStd,nbLinkInMean,nbLinkInStd,nbLinkOutMean,nbLinkOutStd,nbNodes_DBPedia,density_DBPedia,nbNodes_Schema,density_Schema,nbNodes_yago,density_yago
455,2325.0,0.0,0.0,0.0,0.0,0.0,0.0,0.0,0.0,1.0,0.0,,,,,,,0.0,1.0,0.0,1.0,0.0,1.0,
153,926.0,123.0,75.0,0.132829373650108,0.08099352051835854,789.0,5.0,9.0,-0.3065730880850083,0.0076849832403672325,2.2081116653940907,2.9988471741557,25.8,19.328735085359313,4524.08,17017.60189197056,331.92,270.3020907552634,130.0,0.02945736434108527,90.0,0.018476903870162296,715.0,0.00800767859591389
145,364.0,29.0,16.0,0.07967032967032966,0.04395604395604396,146.0,4.0,6.0,-0.314313057326865,0.03401039206424185,5.332097339046868,5.855141691497718,16.75,11.755317945508747,3338.25,5953.390950752352,381.8125,266.83028753076366,35.0,0.08739495798319327,27.0,0.06267806267806268,112.0,0.04247104247104247
731,1278.0,168.0,70.0,0.13145539906103287,0.054773082942097026,476.0,4.0,6.0,-0.06620570275722598,0.014029190623617868,2.7499193071916976,4.175201468783723,19.414285714285715,14.529273757430802,30776.457142857143,85616.85914362657,466.4428571428571,499.67757134588544,106.0,0.0380952380952381,83.0,0.018806935057302382,423.0,0.0143636628460668
268,1275.0,0.0,0.0,0.0,0.0,0.0,0.0,0.0,0.0,1.0,0.0,,,,,,,0.0,1.0,0.0,1.0,0.0,1.0,
653,2903.0,0.0,0.0,0.0,0.0,0.0,0.0,0.0,0.0,1.0,0.0,,,,,,,0.0,1.0,0.0,1.0,0.0,1.0,
443,2137.0,0.0,0.0,0.0,0.0,0.0,0.0,0.0,0.0,1.0,0.0,,,,,,,0.0,1.0,0.0,1.0,0.0,1.0,
457,592.0,63.0,40.0,0.10641891891891891,0.06756756756756757,357.0,4.0,7.0,-0.10918063554529149,0.01740471469486671,3.277365909189691,4.653704886782906,23.75,13.179055353097201,9876.125,32906.124221934355,281.25,311.36616306207713,76.0,0.05052631578947368,53.0,0.03193033381712627,304.0,0.019476289734236582
729,691.0,94.0,39.0,0.13603473227206947,0.056439942112879886,522.0,4.0,8.0,-0.20901445313012898,0.010236724248240563,3.421504491464216,4.577249826580621,25.41025641025641,17.616597577019917,2056.4358974358975,6059.015303745244,304.02564102564105,213.83860283046772,67.0,0.03618272274988693,54.0,0.02236198462613557,476.0,0.011154356479433879
1003,2868.0,0.0,0.0,0.0,0.0,0.0,0.0,0.0,0.0,1.0,0.0,,,,,,,0.0,1.0,0.0,1.0,0.0,1.0,
371,344.0,34.0,22.0,0.09883720930232558,0.06395348837209303,353.0,4.0,8.0,-0.2839702909359141,0.014437934586659798,3.006674960789831,3.376961871564651,28.954545454545453,21.412564860013795,16391.363636363636,35490.59015563197,537.1363636363636,468.03965405571677,52.0,0.06636500754147813,34.0,0.058823529411764705,308.0,0.016053978594695206
707,1403.0,0.0,0.0,0.0,0.0,0.0,0.0,0.0,0.0,1.0,0.0,,,,,,,0.0,1.0,0.0,1.0,0.0,1.0,
275,193.0,11.0,10.0,0.05699481865284974,0.05181347150259067,67.0,4.0,7.0,-0.24513457503336383,0.05789235639981909,5.677987855552263,6.785028050151766,8.4,8.224354077980836,62324.6,183871.7476841943,440.9,438.64209784287686,23.0,0.07905138339920949,16.0,0.075,46.0,0.08309178743961353
505,401.0,57.0,36.0,0.14214463840399003,0.08977556109725686,379.0,4.0,6.0,-0.2973342018941498,0.015384400608675014,3.091192355154987,3.9960632147503166,25.36111111111111,13.068521929893173,2203.972222222222,7839.7091906315545,321.6666666666667,234.58947594089173,76.0,0.05473684210526316,55.0,0.04781144781144781,317.0,0.01705067284271054
278,1642.0,0.0,0.0,0.0,0.0,0.0,0.0,0.0,0.0,1.0,0.0,,,,,,,0.0,1.0,0.0,1.0,0.0,1.0,
149,1894.0,0.0,0.0,0.0,0.0,0.0,0.0,0.0,0.0,1.0,0.0,,,,,,,0.0,1.0,0.0,1.0,0.0,1.0,
519,471.0,52.0,33.0,0.11040339702760085,0.07006369426751592,387.0,4.0,7.0,-0.23599717321573643,0.013589321337242773,3.9875972821244545,4.418410734911612,24.181818181818183,15.52798948029897,10278.272727272728,24941.554577527873,325.969696969697,257.0688487956491,74.0,0.04627915586819696,52.0,0.03770739064856712,324.0,0.0157283186178955
385,1884.0,0.0,0.0,0.0,0.0,0.0,0.0,0.0,0.0,1.0,0.0,,,,,,,0.0,1.0,0.0,1.0,0.0,1.0,
92,578.0,46.0,29.0,0.07958477508650519,0.050173010380622836,421.0,4.0,7.0,-0.275154260535819,0.011921728311277005,3.177588319940164,3.685293800939107,25.17241379310345,23.06522829374486,22802.344827586207,111740.75752515232,333.6551724137931,315.38266585454886,61.0,0.048087431693989074,45.0,0.03535353535353535,370.0,0.013403647549989014
870,368.0,28.0,16.0,0.07608695652173914,0.043478260869565216,215.0,4.0,7.0,-0.3063501861799444,0.02455987828732884,3.401193524794023,4.291729799578861,26.4375,14.49986530109849,10033.875,29656.590548887696,322.9375,385.56038255213673,36.0,0.09523809523809523,27.0,0.07407407407407407,180.0,0.02861576660459342
144,809.0,79.0,42.0,0.09765142150803462,0.0519159456118665,357.0,4.0,7.0,-0.0808436352827463,0.015107166462090454,4.562268004875573,5.266602416549359,18.071428571428573,13.048249028934436,16393.761904761905,93446.57601508635,278.35714285714283,269.333906891354,76.0,0.03859649122807018,57.0,0.02819548872180451,305.0,0.016867989646246764
325,1568.0,0.0,0.0,0.0,0.0,0.0,0.0,0.0,0.0,1.0,0.0,,,,,,,0.0,1.0,0.0,1.0,0.0,1.0,
981,865.0,101.0,60.0,0.11676300578034682,0.06936416184971098,615.0,4.0,8.0,-0.21950652053137423,0.009184078811472153,4.566517766940254,5.638339097386627,22.866666666666667,24.988308377230254,6944.85,18835.76491396531,401.3833333333333,331.4020766212681,94.0,0.03614733470601693,71.0,0.026156941649899398,566.0,0.009293598924294069
115,1586.0,0.0,0.0,0.0,0.0,0.0,0.0,0.0,0.0,1.0,0.0,,,,,,,0.0,1.0,0.0,1.0,0.0,1.0,
436,826.0,110.0,59.0,0.13317191283292978,0.07142857142857142,905.0,4.0,7.0,-0.39746992308345364,0.006221581186134063,3.8690548633553954,4.6780337841316335,33.03389830508475,24.354003674400417,26707.728813559323,84254.5957750353,612.3389830508474,422.61171866325265,99.0,0.04308390022675737,75.0,0.03063063063063063,845.0,0.006248072015479963
952,633.0,64.0,31.0,0.10110584518167456,0.04897314375987362,301.0,4.0,7.0,-0.2829788446682245,0.016766334440753046,4.486509574528866,5.422163430610216,18.193548387096776,13.83641608183254,6115.709677419355,20340.998202729745,295.7096774193548,246.42897210645572,62.0,0.04706504494976203,46.0,0.034782608695652174,251.0,0.019378486055776894
963,1963.0,0.0,0.0,0.0,0.0,0.0,0.0,0.0,0.0,1.0,0.0,,,,,,,0.0,1.0,0.0,1.0,0.0,1.0,
5,2671.0,0.0,0.0,0.0,0.0,0.0,0.0,0.0,0.0,1.0,0.0,,,,,,,0.0,1.0,0.0,1.0,0.0,1.0,
681,460.0,50.0,26.0,0.10869565217391304,0.05652173913043478,503.0,4.0,7.0,-0.31772045809161276,0.009781945775545928,3.667623618558318,4.279126804939194,32.84615384615385,31.74137351942112,27611.615384615383,117338.18125469545,438.5769230769231,343.6392532737384,53.0,0.0602322206095791,38.0,0.05405405405405406,460.0,0.01035332007199015
229,1342.0,170.0,69.0,0.12667660208643816,0.05141579731743666,750.0,5.0,9.0,-0.2708355595026326,0.007622607921673342,2.8340318005183875,3.615398696302313,23.594202898550726,16.812968459573113,13830.347826086956,34836.866055583545,468.463768115942,374.80493785551135,111.0,0.03276003276003276,82.0,0.018970189701897018,691.0,0.0077770087459888
465,324.0,22.0,11.0,0.06790123456790123,0.033950617283950615,215.0,3.0,6.0,-0.2835844430065486,0.021256248641599654,5.073335515748225,5.376656477556945,27.545454545454547,27.884057472990275,16224.181818181818,37959.046299491536,389.8181818181818,302.4174773033338,26.0,0.11076923076923077,22.0,0.08225108225108226,186.0,0.024353385643708224
836,1301.0,169.0,77.0,0.1299000768639508,0.05918524212144504,813.0,4.0,8.0,-0.1734805812062445,0.00679839310708378,3.118440040751246,3.8474044129070486,22.2987012987013,15.974870635465829,4263.7532467532465,15101.480261284652,365.09090909090907,306.5774274278269,133.0,0.0227842333105491,94.0,0.013955616563715396,736.0,0.0072131026323572905
790,1896.0,0.0,0.0,0.0,0.0,0.0,0.0,0.0,0.0,1.0,0.0,,,,,,,0.0,1.0,0.0,1.0,0.0,1.0,
904,1579.0,0.0,0.0,0.0,0.0,0.0,0.0,0.0,0.0,1.0,0.0,,,,,,,0.0,1.0,0.0,1.0,0.0,1.0,
344,1235.0,120.0,74.0,0.09716599190283401,0.05991902834008097,763.0,5.0,9.0,-0.21017219997188427,0.0072169877847837825,2.024665778361858,2.699639671074616,21.824324324324323,20.37775556435889,4356.608108108108,19493.947741866883,236.16216216216216,233.94992690323232,124.0,0.026357199055861525,92.0,0.016483516483516484,691.0,0.007546299209295497
993,575.0,67.0,52.0,0.11652173913043479,0.09043478260869565,537.0,4.0,6.0,-0.224008271633145,0.010228188665610495,3.429356043053158,4.037228148395817,21.96153846153846,14.094409064019157,17632.615384615383,85770.37811845556,368.9423076923077,327.8702495161027,101.0,0.03405940594059406,68.0,0.0276558384547849,468.0,0.01108182799831622
912,603.0,67.0,30.0,0.1111111111111111,0.04975124378109453,460.0,4.0,8.0,-0.2728960250934325,0.010201761864165956,2.6524188994571216,3.163167960497312,23.133333333333333,23.992684070126227,4166.2,9088.151144576474,349.3,244.97090303408146,60.0,0.04180790960451977,41.0,0.024390243902439025,415.0,0.011198416855829113
1007,2134.0,0.0,0.0,0.0,0.0,0.0,0.0,0.0,0.0,1.0,0.0,,,,,,,0.0,1.0,0.0,1.0,0.0,1.0,
113,1174.0,131.0,69.0,0.11158432708688246,0.05877342419080068,652.0,5.0,9.0,-0.26233105458631983,0.007595676307332749,3.1104351512749053,3.66329600681585,17.043478260869566,17.869441799355176,7794.434782608696,23529.15778439271,330.59420289855075,290.06532591767484,127.0,0.02112235970503687,86.0,0.013679890560875513,573.0,0.00828055016536692
213,2245.0,0.0,0.0,0.0,0.0,0.0,0.0,0.0,0.0,1.0,0.0,,,,,,,0.0,1.0,0.0,1.0,0.0,1.0,
705,1807.0,0.0,0.0,0.0,0.0,0.0,0.0,0.0,0.0,1.0,0.0,,,,,,,0.0,1.0,0.0,1.0,0.0,1.0,
557,169.0,19.0,12.0,0.11242603550295859,0.07100591715976332,110.0,4.0,8.0,-0.2582272690037302,0.03603002502085071,5.034086251718638,5.579535267506512,10.333333333333334,9.076832536126734,376.0,319.99817707814105,202.25,130.2146465136187,25.0,0.04666666666666667,12.0,0.0,95.0,0.04232922732362822
1033,1729.0,0.0,0.0,0.0,0.0,0.0,0.0,0.0,0.0,1.0,0.0,,,,,,,0.0,1.0,0.0,1.0,0.0,1.0,
277,205.0,17.0,9.0,0.08292682926829269,0.04390243902439024,244.0,3.0,6.0,-0.38657187622200734,0.01784389125008433,2.4471320637625036,2.8524599498293397,35.55555555555556,21.4895897851914,34824.0,62538.903177675464,455.3333333333333,395.74234041861126,25.0,0.11,19.0,0.09941520467836257,215.0,0.02025646598565529
1032,1232.0,176.0,105.0,0.14285714285714285,0.08522727272727272,881.0,4.0,7.0,-0.04573631731548419,0.00662986275926117,2.889942890369066,3.726159397647343,19.723809523809525,14.911481826077283,6387.4,20048.921259473576,265.84761904761905,273.6036333980541,184.0,0.019066286528866713,128.0,0.012057086614173228,775.0,0.007065099608235392
332,219.0,22.0,12.0,0.1004566210045662,0.0547945205479452,114.0,4.0,8.0,-0.2917141802662023,0.03912435957149511,4.641403993684491,5.04555448402216,14.083333333333334,9.490858174521884,2688.5833333333335,4718.351273809058,308.9166666666667,285.67594063126063,31.0,0.07956989247311828,19.0,0.07017543859649122,86.0,0.05198358413132695
471,398.0,20.0,8.0,0.05025125628140704,0.020100502512562814,212.0,3.0,6.0,-0.4487315101565685,0.021371724939640527,4.9592924368119995,5.5926641139647915,38.75,15.022899187573616,7471.5,10114.340660665925,459.625,214.81558224439866,25.0,0.11,18.0,0.1111111111111111,182.0,0.02513508590856657
261,2053.0,0.0,0.0,0.0,0.0,0.0,0.0,0.0,0.0,1.0,0.0,,,,,,,0.0,1.0,0.0,1.0,0.0,1.0,
374,312.0,29.0,22.0,0.09294871794871795,0.07051282051282051,458.0,4.0,7.0,-0.2813901600749927,0.010816698995728742,1.968867039920317,2.2569186292618504,36.13636363636363,26.292576647731952,7828.272727272727,18830.57385834831,404.40909090909093,344.75454497510503,54.0,0.06359189378057302,36.0,0.06190476190476191,409.0,0.01180545567860396
772,323.0,31.0,24.0,0.09597523219814241,0.07430340557275542,264.0,4.0,8.0,-0.3123417400775722,0.01820486231132619,3.96324220839972,4.468779816833332,18.5,16.795336654361332,3997.0833333333335,11856.653328815943,339.3333333333333,262.7423748761428,43.0,0.059800664451827246,30.0,0.027586206896551724,236.0,0.01987017670393076
500,580.0,62.0,37.0,0.10689655172413794,0.06379310344827586,432.0,4.0,7.0,-0.28550588854196524,0.012180974477958236,3.4840286972563703,4.4885257390531015,22.64864864864865,12.895036162543672,10133.081081081082,30501.394136837796,407.6756756756757,343.40111713004825,81.0,0.03580246913580247,52.0,0.032428355957767725,369.0,0.01393307411334983
641,1143.0,133.0,79.0,0.1163604549431321,0.06911636045494313,936.0,4.0,7.0,-0.2708166821247212,0.006085744321038439,3.487679507846395,4.251407181232994,26.025316455696203,22.70168380725681,14653.67088607595,70066.94549414172,418.9367088607595,397.6752489018752,130.0,0.029934406678592724,99.0,0.01855287569573284,861.0,0.006188045269157011
1012,868.0,111.0,66.0,0.12788018433179724,0.07603686635944701,771.0,4.0,7.0,-0.3160550096631256,0.007290245422541143,4.548833384897148,5.010320384726332,25.772727272727273,20.889895668644016,20634.969696969696,78535.09635612441,386.1212121212121,334.89037171169525,121.0,0.03112947658402204,85.0,0.021288515406162466,693.0,0.007652912277189734
735,644.0,55.0,27.0,0.08540372670807453,0.04192546583850932,300.0,4.0,8.0,-0.31787249201645984,0.01565217391304348,4.550445416289741,5.171852016472443,17.814814814814813,17.412292458760568,30287.962962962964,116490.68942146198,318.0,385.360629559916,60.0,0.04576271186440678,38.0,0.03840682788051209,254.0,0.017926612928324672
878,1427.0,0.0,0.0,0.0,0.0,0.0,0.0,0.0,0.0,1.0,0.0,,,,,,,0.0,1.0,0.0,1.0,0.0,1.0,
487,2746.0,0.0,0.0,0.0,0.0,0.0,0.0,0.0,0.0,1.0,0.0,,,,,,,0.0,1.0,0.0,1.0,0.0,1.0,
117,1701.0,0.0,0.0,0.0,0.0,0.0,0.0,0.0,0.0,1.0,0.0,,,,,,,0.0,1.0,0.0,1.0,0.0,1.0,
1044,992.0,100.0,35.0,0.10080645161290322,0.03528225806451613,407.0,4.0,8.0,-0.2414127224101868,0.01266021955677128,2.8550002911746644,3.669831566433797,21.914285714285715,15.405697329367523,3508.8,7566.464552031077,304.57142857142856,224.8588491494527,73.0,0.04794520547945205,50.0,0.036734693877551024,352.0,0.013953638953638953
673,1728.0,0.0,0.0,0.0,0.0,0.0,0.0,0.0,0.0,1.0,0.0,,,,,,,0.0,1.0,0.0,1.0,0.0,1.0,
400,261.0,29.0,19.0,0.1111111111111111,0.07279693486590039,318.0,4.0,6.0,-0.25168056532598665,0.015058627462651032,1.865389409527083,2.3962655871925174,27.31578947368421,21.800658202470444,41669.63157894737,137600.8789136597,383.36842105263156,474.5647546659898,48.0,0.06914893617021277,33.0,0.06439393939393939,271.0,0.017165504988383217
1047,262.0,25.0,16.0,0.09541984732824428,0.061068702290076333,170.0,4.0,7.0,-0.27593608244958995,0.02923773059519666,4.216492370448336,4.443025155120593,19.3125,17.079661698933034,18962.25,45977.4310810478,375.0,469.43849437386365,38.0,0.08677098150782361,27.0,0.07977207977207977,135.0,0.035157545605306796
1026,1402.0,0.0,0.0,0.0,0.0,0.0,0.0,0.0,0.0,1.0,0.0,,,,,,,0.0,1.0,0.0,1.0,0.0,1.0,
613,195.0,30.0,15.0,0.15384615384615385,0.07692307692307693,214.0,4.0,8.0,-0.3044991771169129,0.023430301434776885,5.81064084382495,6.224938131814123,26.0,17.362795473847715,9966.933333333332,17277.890289680112,461.73333333333335,358.48672065906277,44.0,0.07716701902748414,29.0,0.0812807881773399,169.0,0.029233586925894617
983,1633.0,0.0,0.0,0.0,0.0,0.0,0.0,0.0,0.0,1.0,0.0,,,,,,,0.0,1.0,0.0,1.0,0.0,1.0,
538,503.0,52.0,29.0,0.10337972166998012,0.05765407554671968,241.0,4.0,6.0,-0.17077625235477498,0.021023513139695714,3.522242199649869,5.485101023129359,15.172413793103448,8.638602080067168,2702.793103448276,6637.083439123202,232.58620689655172,137.83161071829124,55.0,0.03771043771043771,38.0,0.02418207681365576,203.0,0.025118275374335464
485,2578.0,0.0,0.0,0.0,0.0,0.0,0.0,0.0,0.0,1.0,0.0,,,,,,,0.0,1.0,0.0,1.0,0.0,1.0,
85,603.0,63.0,33.0,0.1044776119402985,0.05472636815920398,310.0,4.0,8.0,-0.2675492113546456,0.01540870654556843,5.169004368901683,5.920445349576363,15.303030303030303,16.786511266914076,1079.121212121212,1743.1162752220478,226.57575757575756,169.79792451582153,54.0,0.03494060097833683,37.0,0.015015015015015015,283.0,0.016540109766182993
625,496.0,47.0,26.0,0.09475806451612903,0.05241935483870968,234.0,4.0,8.0,-0.21967122332126807,0.022559700671288655,4.0463731616940155,4.272265982318809,17.653846153846153,11.562347072393443,2614.3076923076924,9818.131275934302,243.96153846153845,224.08128346123232,57.0,0.06203007518796992,36.0,0.03968253968253968,190.0,0.026455026455026454
238,807.0,102.0,35.0,0.12639405204460966,0.04337050805452292,358.0,4.0,8.0,-0.26620426265346253,0.015210553495141074,3.454109121082278,3.9589149408893194,20.65714285714286,15.7297586161533,986.8,1721.6139570597286,240.17142857142858,157.33231176885,61.0,0.03551912568306011,46.0,0.021256038647342997,318.0,0.01718151697319604
150,568.0,63.0,38.0,0.11091549295774648,0.06690140845070422,512.0,4.0,7.0,-0.27041390164642365,0.01038863747553816,4.161066695402392,4.980077898253135,26.44736842105263,19.827807916131395,26572.842105263157,55786.119613228024,525.4473684210526,480.058313199576,71.0,0.04869215291750503,54.0,0.03424178895877009,459.0,0.011121576238452684
269,1698.0,0.0,0.0,0.0,0.0,0.0,0.0,0.0,0.0,1.0,0.0,,,,,,,0.0,1.0,0.0,1.0,0.0,1.0,
979,421.0,88.0,60.0,0.20902612826603326,0.14251781472684086,374.0,5.0,8.0,-0.029344832505658797,0.02296741265358203,2.0389072349189408,3.0581018662692503,25.983333333333334,14.141536534463134,716.8833333333333,2051.3482484426895,181.5,132.89563574474522,87.0,0.04170008019246191,72.0,0.028951486697965573,332.0,0.02460597677719943
25,1549.0,0.0,0.0,0.0,0.0,0.0,0.0,0.0,0.0,1.0,0.0,,,,,,,0.0,1.0,0.0,1.0,0.0,1.0,
174,1834.0,0.0,0.0,0.0,0.0,0.0,0.0,0.0,0.0,1.0,0.0,,,,,,,0.0,1.0,0.0,1.0,0.0,1.0,
680,833.0,72.0,51.0,0.08643457382953182,0.061224489795918366,747.0,4.0,7.0,-0.2907618742947518,0.008653021379530633,4.276654506048936,4.775536030129338,38.92156862745098,29.7952773842123,4816.411764705882,17527.926353171802,440.5098039215686,303.6218218247774,87.0,0.04196738839882384,63.0,0.03430619559651818,696.0,0.008963863392044984
996,1263.0,126.0,68.0,0.0997624703087886,0.053840063341250986,879.0,4.0,8.0,-0.26303811413701605,0.006105509211389003,3.220438525947187,3.974577444329456,25.647058823529413,23.09937910158827,7031.323529411765,15968.516563797339,445.3529411764706,289.3778196257437,121.0,0.02809917355371901,88.0,0.018808777429467086,803.0,0.006388139240938749
830,1329.0,0.0,0.0,0.0,0.0,0.0,0.0,0.0,0.0,1.0,0.0,,,,,,,0.0,1.0,0.0,1.0,0.0,1.0,
958,796.0,86.0,44.0,0.10804020100502512,0.05527638190954774,359.0,4.0,7.0,-0.19835615853279656,0.015359238107094506,3.490552945034364,4.072351865629643,17.40909090909091,13.125821501248774,21364.0,92620.36186375395,377.40909090909093,380.07285893519617,80.0,0.03829113924050633,55.0,0.026262626262626262,310.0,0.016828478964401296
943,1099.0,0.0,0.0,0.0,0.0,0.0,0.0,0.0,0.0,1.0,0.0,,,,,,,0.0,1.0,0.0,1.0,0.0,1.0,
245,1172.0,0.0,0.0,0.0,0.0,0.0,0.0,0.0,0.0,1.0,0.0,,,,,,,0.0,1.0,0.0,1.0,0.0,1.0,
611,2480.0,0.0,0.0,0.0,0.0,0.0,0.0,0.0,0.0,1.0,0.0,,,,,,,0.0,1.0,0.0,1.0,0.0,1.0,
621,2110.0,0.0,0.0,0.0,0.0,0.0,0.0,0.0,0.0,1.0,0.0,,,,,,,0.0,1.0,0.0,1.0,0.0,1.0,
1039,2139.0,0.0,0.0,0.0,0.0,0.0,0.0,0.0,0.0,1.0,0.0,,,,,,,0.0,1.0,0.0,1.0,0.0,1.0,
593,2417.0,0.0,0.0,0.0,0.0,0.0,0.0,0.0,0.0,1.0,0.0,,,,,,,0.0,1.0,0.0,1.0,0.0,1.0,
541,383.0,45.0,32.0,0.1174934725848564,0.0835509138381201,432.0,5.0,9.0,-0.2669927003068856,0.011074589670877374,4.1254670366384625,4.557441329809667,23.3125,29.292103778151546,21410.5,106493.7837731034,408.21875,357.3637620106962,76.0,0.03859649122807018,43.0,0.03986710963455149,375.0,0.012320855614973262
806,1779.0,0.0,0.0,0.0,0.0,0.0,0.0,0.0,0.0,1.0,0.0,,,,,,,0.0,1.0,0.0,1.0,0.0,1.0,
265,1067.0,97.0,39.0,0.09090909090909091,0.03655107778819119,242.0,5.0,9.0,0.06891749288556144,0.026165083501937518,3.6922595975104953,4.371226563845751,16.897435897435898,9.849625456356511,9694.051282051281,13026.208209032378,517.5128205128206,348.4236201327397,70.0,0.0546583850931677,46.0,0.03768115942028986,202.0,0.028471503866804592
364,1203.0,0.0,0.0,0.0,0.0,0.0,0.0,0.0,0.0,1.0,0.0,,,,,,,0.0,1.0,0.0,1.0,0.0,1.0,
1024,1973.0,0.0,0.0,0.0,0.0,0.0,0.0,0.0,0.0,1.0,0.0,,,,,,,0.0,1.0,0.0,1.0,0.0,1.0,
520,1645.0,0.0,0.0,0.0,0.0,0.0,0.0,0.0,0.0,1.0,0.0,,,,,,,0.0,1.0,0.0,1.0,0.0,1.0,
107,2777.0,0.0,0.0,0.0,0.0,0.0,0.0,0.0,0.0,1.0,0.0,,,,,,,0.0,1.0,0.0,1.0,0.0,1.0,
253,1342.0,0.0,0.0,0.0,0.0,0.0,0.0,0.0,0.0,1.0,0.0,,,,,,,0.0,1.0,0.0,1.0,0.0,1.0,
564,2821.0,0.0,0.0,0.0,0.0,0.0,0.0,0.0,0.0,1.0,0.0,,,,,,,0.0,1.0,0.0,1.0,0.0,1.0,
717,1509.0,0.0,0.0,0.0,0.0,0.0,0.0,0.0,0.0,1.0,0.0,,,,,,,0.0,1.0,0.0,1.0,0.0,1.0,
121,1740.0,0.0,0.0,0.0,0.0,0.0,0.0,0.0,0.0,1.0,0.0,,,,,,,0.0,1.0,0.0,1.0,0.0,1.0,
711,1552.0,0.0,0.0,0.0,0.0,0.0,0.0,0.0,0.0,1.0,0.0,,,,,,,0.0,1.0,0.0,1.0,0.0,1.0,
22,2536.0,0.0,0.0,0.0,0.0,0.0,0.0,0.0,0.0,1.0,0.0,,,,,,,0.0,1.0,0.0,1.0,0.0,1.0,
214,696.0,0.0,0.0,0.0,0.0,0.0,0.0,0.0,0.0,1.0,0.0,,,,,,,0.0,1.0,0.0,1.0,0.0,1.0,
254,467.0,0.0,0.0,0.0,0.0,0.0,0.0,0.0,0.0,1.0,0.0,,,,,,,0.0,1.0,0.0,1.0,0.0,1.0,
937,281.0,46.0,24.0,0.16370106761565836,0.08540925266903915,273.0,4.0,6.0,-0.29881299157934876,0.0196078431372549,3.4016418831164623,3.9896030978662274,23.541666666666668,15.890193953784479,24941.458333333332,60477.64510680727,434.1666666666667,475.4523869140023,51.0,0.06980392156862746,34.0,0.053475935828877004,233.0,0.02190321148438656
821,293.0,41.0,26.0,0.13993174061433447,0.08873720136518772,204.0,4.0,8.0,-0.26391969569827917,0.024195885250651986,4.169173124136387,5.1503752183797324,13.76923076923077,10.115896448004277,5868.038461538462,19553.936830608916,346.84615384615387,271.90010783200006,49.0,0.0467687074829932,32.0,0.034274193548387094,173.0,0.027557467401532466
112,1147.0,0.0,0.0,0.0,0.0,0.0,0.0,0.0,0.0,1.0,0.0,,,,,,,0.0,1.0,0.0,1.0,0.0,1.0,
525,1516.0,0.0,0.0,0.0,0.0,0.0,0.0,0.0,0.0,1.0,0.0,,,,,,,0.0,1.0,0.0,1.0,0.0,1.0,
687,1179.0,83.0,66.0,0.07039864291772689,0.05597964376590331,771.0,4.0,8.0,-0.15249295239198613,0.008193103912948271,3.3687077489207637,3.6796906972793866,31.257575757575758,21.828748493436706,3605.212121212121,15916.10772953095,273.6818181818182,196.46112724380447,106.0,0.03863432165318958,77.0,0.028024606971975393,716.0,0.008247060202367465
780,1439.0,0.0,0.0,0.0,0.0,0.0,0.0,0.0,0.0,1.0,0.0,,,,,,,0.0,1.0,0.0,1.0,0.0,1.0,
1,737.0,90.0,43.0,0.12211668928086838,0.05834464043419267,434.0,5.0,9.0,-0.2914566249691775,0.012281691340024053,3.2973914586505004,3.9684612481347314,20.441860465116278,13.537720473123864,4339.441860465116,21179.311529208662,277.3488372093023,280.490258813645,86.0,0.03419972640218878,54.0,0.023060796645702306,377.0,0.013728201365765563
55,1576.0,0.0,0.0,0.0,0.0,0.0,0.0,0.0,0.0,1.0,0.0,,,,,,,0.0,1.0,0.0,1.0,0.0,1.0,
494,343.0,46.0,26.0,0.13411078717201166,0.07580174927113703,369.0,4.0,8.0,-0.28245076779285666,0.014536938847649346,3.9654238804029034,4.829930820982236,29.26923076923077,22.807822025834252,30920.076923076922,117296.18698862726,476.11538461538464,385.98080132835986,58.0,0.0677555958862674,39.0,0.0553306342780027,320.0,0.01598746081504702
537,551.0,0.0,0.0,0.0,0.0,0.0,0.0,0.0,0.0,1.0,0.0,,,,,,,0.0,1.0,0.0,1.0,0.0,1.0,
594,287.0,17.0,5.0,0.059233449477351915,0.017421602787456445,75.0,3.0,6.0,-0.3438180751829302,0.05153153153153153,0.08890957478823011,0.09626863529894718,15.6,14.430523206037957,38147.6,74130.72159530083,461.2,549.6673175658163,14.0,0.13186813186813187,10.0,0.15555555555555556,59.0,0.06545879602571596
8,1580.0,0.0,0.0,0.0,0.0,0.0,0.0,0.0,0.0,1.0,0.0,,,,,,,0.0,1.0,0.0,1.0,0.0,1.0,
874,767.0,0.0,0.0,0.0,0.0,0.0,0.0,0.0,0.0,1.0,0.0,,,,,,,0.0,1.0,0.0,1.0,0.0,1.0,
177,1819.0,0.0,0.0,0.0,0.0,0.0,0.0,0.0,0.0,1.0,0.0,,,,,,,0.0,1.0,0.0,1.0,0.0,1.0,
152,486.0,43.0,23.0,0.08847736625514403,0.047325102880658436,334.0,4.0,8.0,-0.2835558072151818,0.013054971138803474,4.017260971326278,4.5320128345330355,20.565217391304348,20.120995063466555,28757.347826086956,124840.07233068712,336.8695652173913,340.89349405806405,57.0,0.040100250626566414,36.0,0.04126984126984127,284.0,0.015254068581097895
281,175.0,28.0,17.0,0.16,0.09714285714285714,292.0,4.0,6.0,-0.3898958740326855,0.01598173515981735,5.001844715382618,6.4857538479689305,26.764705882352942,21.247918684965512,46408.470588235294,143591.92761643,505.70588235294116,412.51919951124444,36.0,0.08571428571428572,29.0,0.07142857142857142,259.0,0.017419412768249976
230,574.0,0.0,0.0,0.0,0.0,0.0,0.0,0.0,0.0,1.0,0.0,,,,,,,0.0,1.0,0.0,1.0,0.0,1.0,
123,1818.0,0.0,0.0,0.0,0.0,0.0,0.0,0.0,0.0,1.0,0.0,,,,,,,0.0,1.0,0.0,1.0,0.0,1.0,
56,1448.0,0.0,0.0,0.0,0.0,0.0,0.0,0.0,0.0,1.0,0.0,,,,,,,0.0,1.0,0.0,1.0,0.0,1.0,
715,933.0,0.0,0.0,0.0,0.0,0.0,0.0,0.0,0.0,1.0,0.0,,,,,,,0.0,1.0,0.0,1.0,0.0,1.0,
448,2295.0,0.0,0.0,0.0,0.0,0.0,0.0,0.0,0.0,1.0,0.0,,,,,,,0.0,1.0,0.0,1.0,0.0,1.0,
506,2069.0,0.0,0.0,0.0,0.0,0.0,0.0,0.0,0.0,1.0,0.0,,,,,,,0.0,1.0,0.0,1.0,0.0,1.0,
220,867.0,0.0,0.0,0.0,0.0,0.0,0.0,0.0,0.0,1.0,0.0,,,,,,,0.0,1.0,0.0,1.0,0.0,1.0,
922,1501.0,0.0,0.0,0.0,0.0,0.0,0.0,0.0,0.0,1.0,0.0,,,,,,,0.0,1.0,0.0,1.0,0.0,1.0,
1021,460.0,0.0,0.0,0.0,0.0,0.0,0.0,0.0,0.0,1.0,0.0,,,,,,,0.0,1.0,0.0,1.0,0.0,1.0,
723,2375.0,0.0,0.0,0.0,0.0,0.0,0.0,0.0,0.0,1.0,0.0,,,,,,,0.0,1.0,0.0,1.0,0.0,1.0,
930,1965.0,0.0,0.0,0.0,0.0,0.0,0.0,0.0,0.0,1.0,0.0,,,,,,,0.0,1.0,0.0,1.0,0.0,1.0,
421,1821.0,0.0,0.0,0.0,0.0,0.0,0.0,0.0,0.0,1.0,0.0,,,,,,,0.0,1.0,0.0,1.0,0.0,1.0,
189,1297.0,0.0,0.0,0.0,0.0,0.0,0.0,0.0,0.0,1.0,0.0,,,,,,,0.0,1.0,0.0,1.0,0.0,1.0,
974,1404.0,0.0,0.0,0.0,0.0,0.0,0.0,0.0,0.0,1.0,0.0,,,,,,,0.0,1.0,0.0,1.0,0.0,1.0,
694,1894.0,0.0,0.0,0.0,0.0,0.0,0.0,0.0,0.0,1.0,0.0,,,,,,,0.0,1.0,0.0,1.0,0.0,1.0,
35,598.0,0.0,0.0,0.0,0.0,0.0,0.0,0.0,0.0,1.0,0.0,,,,,,,0.0,1.0,0.0,1.0,0.0,1.0,
864,392.0,0.0,0.0,0.0,0.0,0.0,0.0,0.0,0.0,1.0,0.0,,,,,,,0.0,1.0,0.0,1.0,0.0,1.0,
648,2272.0,0.0,0.0,0.0,0.0,0.0,0.0,0.0,0.0,1.0,0.0,,,,,,,0.0,1.0,0.0,1.0,0.0,1.0,
58,1311.0,0.0,0.0,0.0,0.0,0.0,0.0,0.0,0.0,1.0,0.0,,,,,,,0.0,1.0,0.0,1.0,0.0,1.0,
686,1153.0,0.0,0.0,0.0,0.0,0.0,0.0,0.0,0.0,1.0,0.0,,,,,,,0.0,1.0,0.0,1.0,0.0,1.0,
233,592.0,0.0,0.0,0.0,0.0,0.0,0.0,0.0,0.0,1.0,0.0,,,,,,,0.0,1.0,0.0,1.0,0.0,1.0,
767,1622.0,0.0,0.0,0.0,0.0,0.0,0.0,0.0,0.0,1.0,0.0,,,,,,,0.0,1.0,0.0,1.0,0.0,1.0,
90,1674.0,0.0,0.0,0.0,0.0,0.0,0.0,0.0,0.0,1.0,0.0,,,,,,,0.0,1.0,0.0,1.0,0.0,1.0,
101,672.0,0.0,0.0,0.0,0.0,0.0,0.0,0.0,0.0,1.0,0.0,,,,,,,0.0,1.0,0.0,1.0,0.0,1.0,
1019,269.0,0.0,0.0,0.0,0.0,0.0,0.0,0.0,0.0,1.0,0.0,,,,,,,0.0,1.0,0.0,1.0,0.0,1.0,
973,2696.0,0.0,0.0,0.0,0.0,0.0,0.0,0.0,0.0,1.0,0.0,,,,,,,0.0,1.0,0.0,1.0,0.0,1.0,
702,868.0,0.0,0.0,0.0,0.0,0.0,0.0,0.0,0.0,1.0,0.0,,,,,,,0.0,1.0,0.0,1.0,0.0,1.0,
722,343.0,0.0,0.0,0.0,0.0,0.0,0.0,0.0,0.0,1.0,0.0,,,,,,,0.0,1.0,0.0,1.0,0.0,1.0,
536,210.0,0.0,0.0,0.0,0.0,0.0,0.0,0.0,0.0,1.0,0.0,,,,,,,0.0,1.0,0.0,1.0,0.0,1.0,
341,1178.0,0.0,0.0,0.0,0.0,0.0,0.0,0.0,0.0,1.0,0.0,,,,,,,0.0,1.0,0.0,1.0,0.0,1.0,
763,1156.0,0.0,0.0,0.0,0.0,0.0,0.0,0.0,0.0,1.0,0.0,,,,,,,0.0,1.0,0.0,1.0,0.0,1.0,
868,1740.0,0.0,0.0,0.0,0.0,0.0,0.0,0.0,0.0,1.0,0.0,,,,,,,0.0,1.0,0.0,1.0,0.0,1.0,
483,314.0,0.0,0.0,0.0,0.0,0.0,0.0,0.0,0.0,1.0,0.0,,,,,,,0.0,1.0,0.0,1.0,0.0,1.0,
404,321.0,0.0,0.0,0.0,0.0,0.0,0.0,0.0,0.0,1.0,0.0,,,,,,,0.0,1.0,0.0,1.0,0.0,1.0,
354,442.0,0.0,0.0,0.0,0.0,0.0,0.0,0.0,0.0,1.0,0.0,,,,,,,0.0,1.0,0.0,1.0,0.0,1.0,
890,831.0,0.0,0.0,0.0,0.0,0.0,0.0,0.0,0.0,1.0,0.0,,,,,,,0.0,1.0,0.0,1.0,0.0,1.0,
358,615.0,0.0,0.0,0.0,0.0,0.0,0.0,0.0,0.0,1.0,0.0,,,,,,,0.0,1.0,0.0,1.0,0.0,1.0,
338,1559.0,0.0,0.0,0.0,0.0,0.0,0.0,0.0,0.0,1.0,0.0,,,,,,,0.0,1.0,0.0,1.0,0.0,1.0,
661,934.0,0.0,0.0,0.0,0.0,0.0,0.0,0.0,0.0,1.0,0.0,,,,,,,0.0,1.0,0.0,1.0,0.0,1.0,
916,241.0,0.0,0.0,0.0,0.0,0.0,0.0,0.0,0.0,1.0,0.0,,,,,,,0.0,1.0,0.0,1.0,0.0,1.0,
630,624.0,0.0,0.0,0.0,0.0,0.0,0.0,0.0,0.0,1.0,0.0,,,,,,,0.0,1.0,0.0,1.0,0.0,1.0,
321,1847.0,0.0,0.0,0.0,0.0,0.0,0.0,0.0,0.0,1.0,0.0,,,,,,,0.0,1.0,0.0,1.0,0.0,1.0,
74,1012.0,0.0,0.0,0.0,0.0,0.0,0.0,0.0,0.0,1.0,0.0,,,,,,,0.0,1.0,0.0,1.0,0.0,1.0,
761,2924.0,0.0,0.0,0.0,0.0,0.0,0.0,0.0,0.0,1.0,0.0,,,,,,,0.0,1.0,0.0,1.0,0.0,1.0,
493,2333.0,0.0,0.0,0.0,0.0,0.0,0.0,0.0,0.0,1.0,0.0,,,,,,,0.0,1.0,0.0,1.0,0.0,1.0,
683,489.0,0.0,0.0,0.0,0.0,0.0,0.0,0.0,0.0,1.0,0.0,,,,,,,0.0,1.0,0.0,1.0,0.0,1.0,
616,1861.0,0.0,0.0,0.0,0.0,0.0,0.0,0.0,0.0,1.0,0.0,,,,,,,0.0,1.0,0.0,1.0,0.0,1.0,
892,800.0,0.0,0.0,0.0,0.0,0.0,0.0,0.0,0.0,1.0,0.0,,,,,,,0.0,1.0,0.0,1.0,0.0,1.0,
33,1178.0,0.0,0.0,0.0,0.0,0.0,0.0,0.0,0.0,1.0,0.0,,,,,,,0.0,1.0,0.0,1.0,0.0,1.0,
969,558.0,0.0,0.0,0.0,0.0,0.0,0.0,0.0,0.0,1.0,0.0,,,,,,,0.0,1.0,0.0,1.0,0.0,1.0,
219,545.0,0.0,0.0,0.0,0.0,0.0,0.0,0.0,0.0,1.0,0.0,,,,,,,0.0,1.0,0.0,1.0,0.0,1.0,
819,244.0,0.0,0.0,0.0,0.0,0.0,0.0,0.0,0.0,1.0,0.0,,,,,,,0.0,1.0,0.0,1.0,0.0,1.0,
98,474.0,0.0,0.0,0.0,0.0,0.0,0.0,0.0,0.0,1.0,0.0,,,,,,,0.0,1.0,0.0,1.0,0.0,1.0,
323,270.0,0.0,0.0,0.0,0.0,0.0,0.0,0.0,0.0,1.0,0.0,,,,,,,0.0,1.0,0.0,1.0,0.0,1.0,
737,2904.0,0.0,0.0,0.0,0.0,0.0,0.0,0.0,0.0,1.0,0.0,,,,,,,0.0,1.0,0.0,1.0,0.0,1.0,
331,1296.0,0.0,0.0,0.0,0.0,0.0,0.0,0.0,0.0,1.0,0.0,,,,,,,0.0,1.0,0.0,1.0,0.0,1.0,
339,2552.0,0.0,0.0,0.0,0.0,0.0,0.0,0.0,0.0,1.0,0.0,,,,,,,0.0,1.0,0.0,1.0,0.0,1.0,
825,2850.0,0.0,0.0,0.0,0.0,0.0,0.0,0.0,0.0,1.0,0.0,,,,,,,0.0,1.0,0.0,1.0,0.0,1.0,
1042,724.0,0.0,0.0,0.0,0.0,0.0,0.0,0.0,0.0,1.0,0.0,,,,,,,0.0,1.0,0.0,1.0,0.0,1.0,
774,855.0,0.0,0.0,0.0,0.0,0.0,0.0,0.0,0.0,1.0,0.0,,,,,,,0.0,1.0,0.0,1.0,0.0,1.0,
776,1786.0,0.0,0.0,0.0,0.0,0.0,0.0,0.0,0.0,1.0,0.0,,,,,,,0.0,1.0,0.0,1.0,0.0,1.0,
1020,432.0,0.0,0.0,0.0,0.0,0.0,0.0,0.0,0.0,1.0,0.0,,,,,,,0.0,1.0,0.0,1.0,0.0,1.0,
349,825.0,0.0,0.0,0.0,0.0,0.0,0.0,0.0,0.0,1.0,0.0,,,,,,,0.0,1.0,0.0,1.0,0.0,1.0,
126,633.0,0.0,0.0,0.0,0.0,0.0,0.0,0.0,0.0,1.0,0.0,,,,,,,0.0,1.0,0.0,1.0,0.0,1.0,
1023,2488.0,0.0,0.0,0.0,0.0,0.0,0.0,0.0,0.0,1.0,0.0,,,,,,,0.0,1.0,0.0,1.0,0.0,1.0,
334,1749.0,0.0,0.0,0.0,0.0,0.0,0.0,0.0,0.0,1.0,0.0,,,,,,,0.0,1.0,0.0,1.0,0.0,1.0,
888,880.0,0.0,0.0,0.0,0.0,0.0,0.0,0.0,0.0,1.0,0.0,,,,,,,0.0,1.0,0.0,1.0,0.0,1.0,
785,1867.0,0.0,0.0,0.0,0.0,0.0,0.0,0.0,0.0,1.0,0.0,,,,,,,0.0,1.0,0.0,1.0,0.0,1.0,
897,2021.0,0.0,0.0,0.0,0.0,0.0,0.0,0.0,0.0,1.0,0.0,,,,,,,0.0,1.0,0.0,1.0,0.0,1.0,
159,394.0,0.0,0.0,0.0,0.0,0.0,0.0,0.0,0.0,1.0,0.0,,,,,,,0.0,1.0,0.0,1.0,0.0,1.0,
658,1543.0,0.0,0.0,0.0,0.0,0.0,0.0,0.0,0.0,1.0,0.0,,,,,,,0.0,1.0,0.0,1.0,0.0,1.0,
239,569.0,0.0,0.0,0.0,0.0,0.0,0.0,0.0,0.0,1.0,0.0,,,,,,,0.0,1.0,0.0,1.0,0.0,1.0,
120,1692.0,0.0,0.0,0.0,0.0,0.0,0.0,0.0,0.0,1.0,0.0,,,,,,,0.0,1.0,0.0,1.0,0.0,1.0,
252,1252.0,0.0,0.0,0.0,0.0,0.0,0.0,0.0,0.0,1.0,0.0,,,,,,,0.0,1.0,0.0,1.0,0.0,1.0,
50,284.0,0.0,0.0,0.0,0.0,0.0,0.0,0.0,0.0,1.0,0.0,,,,,,,0.0,1.0,0.0,1.0,0.0,1.0,
231,328.0,0.0,0.0,0.0,0.0,0.0,0.0,0.0,0.0,1.0,0.0,,,,,,,0.0,1.0,0.0,1.0,0.0,1.0,
461,916.0,0.0,0.0,0.0,0.0,0.0,0.0,0.0,0.0,1.0,0.0,,,,,,,0.0,1.0,0.0,1.0,0.0,1.0,
452,857.0,0.0,0.0,0.0,0.0,0.0,0.0,0.0,0.0,1.0,0.0,,,,,,,0.0,1.0,0.0,1.0,0.0,1.0,
1005,229.0,0.0,0.0,0.0,0.0,0.0,0.0,0.0,0.0,1.0,0.0,,,,,,,0.0,1.0,0.0,1.0,0.0,1.0,
914,1019.0,0.0,0.0,0.0,0.0,0.0,0.0,0.0,0.0,1.0,0.0,,,,,,,0.0,1.0,0.0,1.0,0.0,1.0,
1018,1546.0,0.0,0.0,0.0,0.0,0.0,0.0,0.0,0.0,1.0,0.0,,,,,,,0.0,1.0,0.0,1.0,0.0,1.0,
758,380.0,0.0,0.0,0.0,0.0,0.0,0.0,0.0,0.0,1.0,0.0,,,,,,,0.0,1.0,0.0,1.0,0.0,1.0,
388,1582.0,0.0,0.0,0.0,0.0,0.0,0.0,0.0,0.0,1.0,0.0,,,,,,,0.0,1.0,0.0,1.0,0.0,1.0,
562,1541.0,0.0,0.0,0.0,0.0,0.0,0.0,0.0,0.0,1.0,0.0,,,,,,,0.0,1.0,0.0,1.0,0.0,1.0,
486,2978.0,0.0,0.0,0.0,0.0,0.0,0.0,0.0,0.0,1.0,0.0,,,,,,,0.0,1.0,0.0,1.0,0.0,1.0,
751,483.0,0.0,0.0,0.0,0.0,0.0,0.0,0.0,0.0,1.0,0.0,,,,,,,0.0,1.0,0.0,1.0,0.0,1.0,
944,1713.0,0.0,0.0,0.0,0.0,0.0,0.0,0.0,0.0,1.0,0.0,,,,,,,0.0,1.0,0.0,1.0,0.0,1.0,
403,1596.0,0.0,0.0,0.0,0.0,0.0,0.0,0.0,0.0,1.0,0.0,,,,,,,0.0,1.0,0.0,1.0,0.0,1.0,
959,1318.0,0.0,0.0,0.0,0.0,0.0,0.0,0.0,0.0,1.0,0.0,,,,,,,0.0,1.0,0.0,1.0,0.0,1.0,
373,1186.0,0.0,0.0,0.0,0.0,0.0,0.0,0.0,0.0,1.0,0.0,,,,,,,0.0,1.0,0.0,1.0,0.0,1.0,
719,2369.0,0.0,0.0,0.0,0.0,0.0,0.0,0.0,0.0,1.0,0.0,,,,,,,0.0,1.0,0.0,1.0,0.0,1.0,
431,1122.0,0.0,0.0,0.0,0.0,0.0,0.0,0.0,0.0,1.0,0.0,,,,,,,0.0,1.0,0.0,1.0,0.0,1.0,
815,553.0,0.0,0.0,0.0,0.0,0.0,0.0,0.0,0.0,1.0,0.0,,,,,,,0.0,1.0,0.0,1.0,0.0,1.0,
83,623.0,0.0,0.0,0.0,0.0,0.0,0.0,0.0,0.0,1.0,0.0,,,,,,,0.0,1.0,0.0,1.0,0.0,1.0,
748,1238.0,0.0,0.0,0.0,0.0,0.0,0.0,0.0,0.0,1.0,0.0,,,,,,,0.0,1.0,0.0,1.0,0.0,1.0,
962,1270.0,0.0,0.0,0.0,0.0,0.0,0.0,0.0,0.0,1.0,0.0,,,,,,,0.0,1.0,0.0,1.0,0.0,1.0,
765,1945.0,0.0,0.0,0.0,0.0,0.0,0.0,0.0,0.0,1.0,0.0,,,,,,,0.0,1.0,0.0,1.0,0.0,1.0,
434,2148.0,0.0,0.0,0.0,0.0,0.0,0.0,0.0,0.0,1.0,0.0,,,,,,,0.0,1.0,0.0,1.0,0.0,1.0,
459,475.0,0.0,0.0,0.0,0.0,0.0,0.0,0.0,0.0,1.0,0.0,,,,,,,0.0,1.0,0.0,1.0,0.0,1.0,
136,480.0,0.0,0.0,0.0,0.0,0.0,0.0,0.0,0.0,1.0,0.0,,,,,,,0.0,1.0,0.0,1.0,0.0,1.0,
1029,295.0,0.0,0.0,0.0,0.0,0.0,0.0,0.0,0.0,1.0,0.0,,,,,,,0.0,1.0,0.0,1.0,0.0,1.0,
721,1757.0,0.0,0.0,0.0,0.0,0.0,0.0,0.0,0.0,1.0,0.0,,,,,,,0.0,1.0,0.0,1.0,0.0,1.0,
626,1443.0,0.0,0.0,0.0,0.0,0.0,0.0,0.0,0.0,1.0,0.0,,,,,,,0.0,1.0,0.0,1.0,0.0,1.0,
203,224.0,0.0,0.0,0.0,0.0,0.0,0.0,0.0,0.0,1.0,0.0,,,,,,,0.0,1.0,0.0,1.0,0.0,1.0,
283,1126.0,0.0,0.0,0.0,0.0,0.0,0.0,0.0,0.0,1.0,0.0,,,,,,,0.0,1.0,0.0,1.0,0.0,1.0,
598,1722.0,0.0,0.0,0.0,0.0,0.0,0.0,0.0,0.0,1.0,0.0,,,,,,,0.0,1.0,0.0,1.0,0.0,1.0,
251,559.0,0.0,0.0,0.0,0.0,0.0,0.0,0.0,0.0,1.0,0.0,,,,,,,0.0,1.0,0.0,1.0,0.0,1.0,
372,1413.0,0.0,0.0,0.0,0.0,0.0,0.0,0.0,0.0,1.0,0.0,,,,,,,0.0,1.0,0.0,1.0,0.0,1.0,
649,166.0,0.0,0.0,0.0,0.0,0.0,0.0,0.0,0.0,1.0,0.0,,,,,,,0.0,1.0,0.0,1.0,0.0,1.0,
472,2959.0,0.0,0.0,0.0,0.0,0.0,0.0,0.0,0.0,1.0,0.0,,,,,,,0.0,1.0,0.0,1.0,0.0,1.0,
950,2198.0,0.0,0.0,0.0,0.0,0.0,0.0,0.0,0.0,1.0,0.0,,,,,,,0.0,1.0,0.0,1.0,0.0,1.0,
427,890.0,0.0,0.0,0.0,0.0,0.0,0.0,0.0,0.0,1.0,0.0,,,,,,,0.0,1.0,0.0,1.0,0.0,1.0,
105,2206.0,0.0,0.0,0.0,0.0,0.0,0.0,0.0,0.0,1.0,0.0,,,,,,,0.0,1.0,0.0,1.0,0.0,1.0,
36,1460.0,0.0,0.0,0.0,0.0,0.0,0.0,0.0,0.0,1.0,0.0,,,,,,,0.0,1.0,0.0,1.0,0.0,1.0,
841,2239.0,0.0,0.0,0.0,0.0,0.0,0.0,0.0,0.0,1.0,0.0,,,,,,,0.0,1.0,0.0,1.0,0.0,1.0,
901,1837.0,0.0,0.0,0.0,0.0,0.0,0.0,0.0,0.0,1.0,0.0,,,,,,,0.0,1.0,0.0,1.0,0.0,1.0,
473,2207.0,0.0,0.0,0.0,0.0,0.0,0.0,0.0,0.0,1.0,0.0,,,,,,,0.0,1.0,0.0,1.0,0.0,1.0,
197,2307.0,0.0,0.0,0.0,0.0,0.0,0.0,0.0,0.0,1.0,0.0,,,,,,,0.0,1.0,0.0,1.0,0.0,1.0,
840,523.0,0.0,0.0,0.0,0.0,0.0,0.0,0.0,0.0,1.0,0.0,,,,,,,0.0,1.0,0.0,1.0,0.0,1.0,
652,1612.0,0.0,0.0,0.0,0.0,0.0,0.0,0.0,0.0,1.0,0.0,,,,,,,0.0,1.0,0.0,1.0,0.0,1.0,
532,584.0,0.0,0.0,0.0,0.0,0.0,0.0,0.0,0.0,1.0,0.0,,,,,,,0.0,1.0,0.0,1.0,0.0,1.0,
560,1164.0,0.0,0.0,0.0,0.0,0.0,0.0,0.0,0.0,1.0,0.0,,,,,,,0.0,1.0,0.0,1.0,0.0,1.0,
178,2093.0,0.0,0.0,0.0,0.0,0.0,0.0,0.0,0.0,1.0,0.0,,,,,,,0.0,1.0,0.0,1.0,0.0,1.0,
521,1224.0,0.0,0.0,0.0,0.0,0.0,0.0,0.0,0.0,1.0,0.0,,,,,,,0.0,1.0,0.0,1.0,0.0,1.0,
260,2268.0,0.0,0.0,0.0,0.0,0.0,0.0,0.0,0.0,1.0,0.0,,,,,,,0.0,1.0,0.0,1.0,0.0,1.0,
32,588.0,0.0,0.0,0.0,0.0,0.0,0.0,0.0,0.0,1.0,0.0,,,,,,,0.0,1.0,0.0,1.0,0.0,1.0,
988,1327.0,0.0,0.0,0.0,0.0,0.0,0.0,0.0,0.0,1.0,0.0,,,,,,,0.0,1.0,0.0,1.0,0.0,1.0,
502,695.0,0.0,0.0,0.0,0.0,0.0,0.0,0.0,0.0,1.0,0.0,,,,,,,0.0,1.0,0.0,1.0,0.0,1.0,
824,409.0,0.0,0.0,0.0,0.0,0.0,0.0,0.0,0.0,1.0,0.0,,,,,,,0.0,1.0,0.0,1.0,0.0,1.0,
429,2022.0,0.0,0.0,0.0,0.0,0.0,0.0,0.0,0.0,1.0,0.0,,,,,,,0.0,1.0,0.0,1.0,0.0,1.0,
394,190.0,0.0,0.0,0.0,0.0,0.0,0.0,0.0,0.0,1.0,0.0,,,,,,,0.0,1.0,0.0,1.0,0.0,1.0,
846,282.0,0.0,0.0,0.0,0.0,0.0,0.0,0.0,0.0,1.0,0.0,,,,,,,0.0,1.0,0.0,1.0,0.0,1.0,
316,869.0,0.0,0.0,0.0,0.0,0.0,0.0,0.0,0.0,1.0,0.0,,,,,,,0.0,1.0,0.0,1.0,0.0,1.0,
262,1263.0,0.0,0.0,0.0,0.0,0.0,0.0,0.0,0.0,1.0,0.0,,,,,,,0.0,1.0,0.0,1.0,0.0,1.0,
795,944.0,0.0,0.0,0.0,0.0,0.0,0.0,0.0,0.0,1.0,0.0,,,,,,,0.0,1.0,0.0,1.0,0.0,1.0,
650,644.0,0.0,0.0,0.0,0.0,0.0,0.0,0.0,0.0,1.0,0.0,,,,,,,0.0,1.0,0.0,1.0,0.0,1.0,
839,2933.0,0.0,0.0,0.0,0.0,0.0,0.0,0.0,0.0,1.0,0.0,,,,,,,0.0,1.0,0.0,1.0,0.0,1.0,
435,443.0,0.0,0.0,0.0,0.0,0.0,0.0,0.0,0.0,1.0,0.0,,,,,,,0.0,1.0,0.0,1.0,0.0,1.0,
766,850.0,0.0,0.0,0.0,0.0,0.0,0.0,0.0,0.0,1.0,0.0,,,,,,,0.0,1.0,0.0,1.0,0.0,1.0,
282,1728.0,0.0,0.0,0.0,0.0,0.0,0.0,0.0,0.0,1.0,0.0,,,,,,,0.0,1.0,0.0,1.0,0.0,1.0,
18,177.0,0.0,0.0,0.0,0.0,0.0,0.0,0.0,0.0,1.0,0.0,,,,,,,0.0,1.0,0.0,1.0,0.0,1.0,
928,1802.0,0.0,0.0,0.0,0.0,0.0,0.0,0.0,0.0,1.0,0.0,,,,,,,0.0,1.0,0.0,1.0,0.0,1.0,
555,1644.0,0.0,0.0,0.0,0.0,0.0,0.0,0.0,0.0,1.0,0.0,,,,,,,0.0,1.0,0.0,1.0,0.0,1.0,
1011,664.0,0.0,0.0,0.0,0.0,0.0,0.0,0.0,0.0,1.0,0.0,,,,,,,0.0,1.0,0.0,1.0,0.0,1.0,
356,1002.0,0.0,0.0,0.0,0.0,0.0,0.0,0.0,0.0,1.0,0.0,,,,,,,0.0,1.0,0.0,1.0,0.0,1.0,
30,2526.0,0.0,0.0,0.0,0.0,0.0,0.0,0.0,0.0,1.0,0.0,,,,,,,0.0,1.0,0.0,1.0,0.0,1.0,
948,911.0,0.0,0.0,0.0,0.0,0.0,0.0,0.0,0.0,1.0,0.0,,,,,,,0.0,1.0,0.0,1.0,0.0,1.0,
490,2429.0,0.0,0.0,0.0,0.0,0.0,0.0,0.0,0.0,1.0,0.0,,,,,,,0.0,1.0,0.0,1.0,0.0,1.0,
911,562.0,0.0,0.0,0.0,0.0,0.0,0.0,0.0,0.0,1.0,0.0,,,,,,,0.0,1.0,0.0,1.0,0.0,1.0,
377,3027.0,0.0,0.0,0.0,0.0,0.0,0.0,0.0,0.0,1.0,0.0,,,,,,,0.0,1.0,0.0,1.0,0.0,1.0,
859,333.0,0.0,0.0,0.0,0.0,0.0,0.0,0.0,0.0,1.0,0.0,,,,,,,0.0,1.0,0.0,1.0,0.0,1.0,
984,2381.0,0.0,0.0,0.0,0.0,0.0,0.0,0.0,0.0,1.0,0.0,,,,,,,0.0,1.0,0.0,1.0,0.0,1.0,
124,681.0,0.0,0.0,0.0,0.0,0.0,0.0,0.0,0.0,1.0,0.0,,,,,,,0.0,1.0,0.0,1.0,0.0,1.0,
215,820.0,0.0,0.0,0.0,0.0,0.0,0.0,0.0,0.0,1.0,0.0,,,,,,,0.0,1.0,0.0,1.0,0.0,1.0,
849,1983.0,0.0,0.0,0.0,0.0,0.0,0.0,0.0,0.0,1.0,0.0,,,,,,,0.0,1.0,0.0,1.0,0.0,1.0,
416,1319.0,0.0,0.0,0.0,0.0,0.0,0.0,0.0,0.0,1.0,0.0,,,,,,,0.0,1.0,0.0,1.0,0.0,1.0,
881,2789.0,0.0,0.0,0.0,0.0,0.0,0.0,0.0,0.0,1.0,0.0,,,,,,,0.0,1.0,0.0,1.0,0.0,1.0,
1000,167.0,0.0,0.0,0.0,0.0,0.0,0.0,0.0,0.0,1.0,0.0,,,,,,,0.0,1.0,0.0,1.0,0.0,1.0,
882,2489.0,0.0,0.0,0.0,0.0,0.0,0.0,0.0,0.0,1.0,0.0,,,,,,,0.0,1.0,0.0,1.0,0.0,1.0,
130,2264.0,0.0,0.0,0.0,0.0,0.0,0.0,0.0,0.0,1.0,0.0,,,,,,,0.0,1.0,0.0,1.0,0.0,1.0,
1046,525.0,0.0,0.0,0.0,0.0,0.0,0.0,0.0,0.0,1.0,0.0,,,,,,,0.0,1.0,0.0,1.0,0.0,1.0,
489,1106.0,0.0,0.0,0.0,0.0,0.0,0.0,0.0,0.0,1.0,0.0,,,,,,,0.0,1.0,0.0,1.0,0.0,1.0,
488,2345.0,0.0,0.0,0.0,0.0,0.0,0.0,0.0,0.0,1.0,0.0,,,,,,,0.0,1.0,0.0,1.0,0.0,1.0,
817,241.0,0.0,0.0,0.0,0.0,0.0,0.0,0.0,0.0,1.0,0.0,,,,,,,0.0,1.0,0.0,1.0,0.0,1.0,
64,1998.0,0.0,0.0,0.0,0.0,0.0,0.0,0.0,0.0,1.0,0.0,,,,,,,0.0,1.0,0.0,1.0,0.0,1.0,
484,531.0,0.0,0.0,0.0,0.0,0.0,0.0,0.0,0.0,1.0,0.0,,,,,,,0.0,1.0,0.0,1.0,0.0,1.0,
604,440.0,0.0,0.0,0.0,0.0,0.0,0.0,0.0,0.0,1.0,0.0,,,,,,,0.0,1.0,0.0,1.0,0.0,1.0,
447,1627.0,0.0,0.0,0.0,0.0,0.0,0.0,0.0,0.0,1.0,0.0,,,,,,,0.0,1.0,0.0,1.0,0.0,1.0,
333,893.0,0.0,0.0,0.0,0.0,0.0,0.0,0.0,0.0,1.0,0.0,,,,,,,0.0,1.0,0.0,1.0,0.0,1.0,
568,865.0,0.0,0.0,0.0,0.0,0.0,0.0,0.0,0.0,1.0,0.0,,,,,,,0.0,1.0,0.0,1.0,0.0,1.0,
96,251.0,0.0,0.0,0.0,0.0,0.0,0.0,0.0,0.0,1.0,0.0,,,,,,,0.0,1.0,0.0,1.0,0.0,1.0,
352,2481.0,0.0,0.0,0.0,0.0,0.0,0.0,0.0,0.0,1.0,0.0,,,,,,,0.0,1.0,0.0,1.0,0.0,1.0,
106,1102.0,0.0,0.0,0.0,0.0,0.0,0.0,0.0,0.0,1.0,0.0,,,,,,,0.0,1.0,0.0,1.0,0.0,1.0,
413,270.0,0.0,0.0,0.0,0.0,0.0,0.0,0.0,0.0,1.0,0.0,,,,,,,0.0,1.0,0.0,1.0,0.0,1.0,
696,846.0,0.0,0.0,0.0,0.0,0.0,0.0,0.0,0.0,1.0,0.0,,,,,,,0.0,1.0,0.0,1.0,0.0,1.0,
569,2393.0,0.0,0.0,0.0,0.0,0.0,0.0,0.0,0.0,1.0,0.0,,,,,,,0.0,1.0,0.0,1.0,0.0,1.0,
929,1248.0,0.0,0.0,0.0,0.0,0.0,0.0,0.0,0.0,1.0,0.0,,,,,,,0.0,1.0,0.0,1.0,0.0,1.0,
1038,1280.0,0.0,0.0,0.0,0.0,0.0,0.0,0.0,0.0,1.0,0.0,,,,,,,0.0,1.0,0.0,1.0,0.0,1.0,
259,588.0,0.0,0.0,0.0,0.0,0.0,0.0,0.0,0.0,1.0,0.0,,,,,,,0.0,1.0,0.0,1.0,0.0,1.0,
222,1079.0,0.0,0.0,0.0,0.0,0.0,0.0,0.0,0.0,1.0,0.0,,,,,,,0.0,1.0,0.0,1.0,0.0,1.0,
917,606.0,0.0,0.0,0.0,0.0,0.0,0.0,0.0,0.0,1.0,0.0,,,,,,,0.0,1.0,0.0,1.0,0.0,1.0,
871,2133.0,0.0,0.0,0.0,0.0,0.0,0.0,0.0,0.0,1.0,0.0,,,,,,,0.0,1.0,0.0,1.0,0.0,1.0,
14,753.0,0.0,0.0,0.0,0.0,0.0,0.0,0.0,0.0,1.0,0.0,,,,,,,0.0,1.0,0.0,1.0,0.0,1.0,
826,289.0,0.0,0.0,0.0,0.0,0.0,0.0,0.0,0.0,1.0,0.0,,,,,,,0.0,1.0,0.0,1.0,0.0,1.0,
552,1575.0,0.0,0.0,0.0,0.0,0.0,0.0,0.0,0.0,1.0,0.0,,,,,,,0.0,1.0,0.0,1.0,0.0,1.0,
440,948.0,0.0,0.0,0.0,0.0,0.0,0.0,0.0,0.0,1.0,0.0,,,,,,,0.0,1.0,0.0,1.0,0.0,1.0,
638,1975.0,0.0,0.0,0.0,0.0,0.0,0.0,0.0,0.0,1.0,0.0,,,,,,,0.0,1.0,0.0,1.0,0.0,1.0,
724,2521.0,0.0,0.0,0.0,0.0,0.0,0.0,0.0,0.0,1.0,0.0,,,,,,,0.0,1.0,0.0,1.0,0.0,1.0,
926,286.0,0.0,0.0,0.0,0.0,0.0,0.0,0.0,0.0,1.0,0.0,,,,,,,0.0,1.0,0.0,1.0,0.0,1.0,
73,2903.0,0.0,0.0,0.0,0.0,0.0,0.0,0.0,0.0,1.0,0.0,,,,,,,0.0,1.0,0.0,1.0,0.0,1.0,
66,1241.0,0.0,0.0,0.0,0.0,0.0,0.0,0.0,0.0,1.0,0.0,,,,,,,0.0,1.0,0.0,1.0,0.0,1.0,
479,2732.0,0.0,0.0,0.0,0.0,0.0,0.0,0.0,0.0,1.0,0.0,,,,,,,0.0,1.0,0.0,1.0,0.0,1.0,
700,1695.0,0.0,0.0,0.0,0.0,0.0,0.0,0.0,0.0,1.0,0.0,,,,,,,0.0,1.0,0.0,1.0,0.0,1.0,
188,2070.0,0.0,0.0,0.0,0.0,0.0,0.0,0.0,0.0,1.0,0.0,,,,,,,0.0,1.0,0.0,1.0,0.0,1.0,
699,2693.0,0.0,0.0,0.0,0.0,0.0,0.0,0.0,0.0,1.0,0.0,,,,,,,0.0,1.0,0.0,1.0,0.0,1.0,
746,521.0,0.0,0.0,0.0,0.0,0.0,0.0,0.0,0.0,1.0,0.0,,,,,,,0.0,1.0,0.0,1.0,0.0,1.0,
579,2043.0,0.0,0.0,0.0,0.0,0.0,0.0,0.0,0.0,1.0,0.0,,,,,,,0.0,1.0,0.0,1.0,0.0,1.0,
272,1079.0,0.0,0.0,0.0,0.0,0.0,0.0,0.0,0.0,1.0,0.0,,,,,,,0.0,1.0,0.0,1.0,0.0,1.0,
495,319.0,0.0,0.0,0.0,0.0,0.0,0.0,0.0,0.0,1.0,0.0,,,,,,,0.0,1.0,0.0,1.0,0.0,1.0,
406,683.0,0.0,0.0,0.0,0.0,0.0,0.0,0.0,0.0,1.0,0.0,,,,,,,0.0,1.0,0.0,1.0,0.0,1.0,
147,2173.0,0.0,0.0,0.0,0.0,0.0,0.0,0.0,0.0,1.0,0.0,,,,,,,0.0,1.0,0.0,1.0,0.0,1.0,
893,1477.0,0.0,0.0,0.0,0.0,0.0,0.0,0.0,0.0,1.0,0.0,,,,,,,0.0,1.0,0.0,1.0,0.0,1.0,
547,205.0,0.0,0.0,0.0,0.0,0.0,0.0,0.0,0.0,1.0,0.0,,,,,,,0.0,1.0,0.0,1.0,0.0,1.0,
274,729.0,0.0,0.0,0.0,0.0,0.0,0.0,0.0,0.0,1.0,0.0,,,,,,,0.0,1.0,0.0,1.0,0.0,1.0,
343,2127.0,0.0,0.0,0.0,0.0,0.0,0.0,0.0,0.0,1.0,0.0,,,,,,,0.0,1.0,0.0,1.0,0.0,1.0,
445,871.0,0.0,0.0,0.0,0.0,0.0,0.0,0.0,0.0,1.0,0.0,,,,,,,0.0,1.0,0.0,1.0,0.0,1.0,
530,486.0,0.0,0.0,0.0,0.0,0.0,0.0,0.0,0.0,1.0,0.0,,,,,,,0.0,1.0,0.0,1.0,0.0,1.0,
139,2912.0,0.0,0.0,0.0,0.0,0.0,0.0,0.0,0.0,1.0,0.0,,,,,,,0.0,1.0,0.0,1.0,0.0,1.0,
217,801.0,0.0,0.0,0.0,0.0,0.0,0.0,0.0,0.0,1.0,0.0,,,,,,,0.0,1.0,0.0,1.0,0.0,1.0,
524,1240.0,0.0,0.0,0.0,0.0,0.0,0.0,0.0,0.0,1.0,0.0,,,,,,,0.0,1.0,0.0,1.0,0.0,1.0,
703,260.0,0.0,0.0,0.0,0.0,0.0,0.0,0.0,0.0,1.0,0.0,,,,,,,0.0,1.0,0.0,1.0,0.0,1.0,
492,356.0,0.0,0.0,0.0,0.0,0.0,0.0,0.0,0.0,1.0,0.0,,,,,,,0.0,1.0,0.0,1.0,0.0,1.0,
57,1162.0,0.0,0.0,0.0,0.0,0.0,0.0,0.0,0.0,1.0,0.0,,,,,,,0.0,1.0,0.0,1.0,0.0,1.0,
807,1517.0,0.0,0.0,0.0,0.0,0.0,0.0,0.0,0.0,1.0,0.0,,,,,,,0.0,1.0,0.0,1.0,0.0,1.0,
805,2904.0,0.0,0.0,0.0,0.0,0.0,0.0,0.0,0.0,1.0,0.0,,,,,,,0.0,1.0,0.0,1.0,0.0,1.0,
476,2221.0,0.0,0.0,0.0,0.0,0.0,0.0,0.0,0.0,1.0,0.0,,,,,,,0.0,1.0,0.0,1.0,0.0,1.0,
2,2169.0,0.0,0.0,0.0,0.0,0.0,0.0,0.0,0.0,1.0,0.0,,,,,,,0.0,1.0,0.0,1.0,0.0,1.0,
428,2172.0,0.0,0.0,0.0,0.0,0.0,0.0,0.0,0.0,1.0,0.0,,,,,,,0.0,1.0,0.0,1.0,0.0,1.0,
545,604.0,0.0,0.0,0.0,0.0,0.0,0.0,0.0,0.0,1.0,0.0,,,,,,,0.0,1.0,0.0,1.0,0.0,1.0,
566,2179.0,0.0,0.0,0.0,0.0,0.0,0.0,0.0,0.0,1.0,0.0,,,,,,,0.0,1.0,0.0,1.0,0.0,1.0,
70,773.0,0.0,0.0,0.0,0.0,0.0,0.0,0.0,0.0,1.0,0.0,,,,,,,0.0,1.0,0.0,1.0,0.0,1.0,
903,887.0,0.0,0.0,0.0,0.0,0.0,0.0,0.0,0.0,1.0,0.0,,,,,,,0.0,1.0,0.0,1.0,0.0,1.0,
678,1851.0,0.0,0.0,0.0,0.0,0.0,0.0,0.0,0.0,1.0,0.0,,,,,,,0.0,1.0,0.0,1.0,0.0,1.0,
4,1155.0,0.0,0.0,0.0,0.0,0.0,0.0,0.0,0.0,1.0,0.0,,,,,,,0.0,1.0,0.0,1.0,0.0,1.0,
212,1336.0,0.0,0.0,0.0,0.0,0.0,0.0,0.0,0.0,1.0,0.0,,,,,,,0.0,1.0,0.0,1.0,0.0,1.0,
3,876.0,0.0,0.0,0.0,0.0,0.0,0.0,0.0,0.0,1.0,0.0,,,,,,,0.0,1.0,0.0,1.0,0.0,1.0,
216,1715.0,0.0,0.0,0.0,0.0,0.0,0.0,0.0,0.0,1.0,0.0,,,,,,,0.0,1.0,0.0,1.0,0.0,1.0,
49,1249.0,0.0,0.0,0.0,0.0,0.0,0.0,0.0,0.0,1.0,0.0,,,,,,,0.0,1.0,0.0,1.0,0.0,1.0,
935,643.0,0.0,0.0,0.0,0.0,0.0,0.0,0.0,0.0,1.0,0.0,,,,,,,0.0,1.0,0.0,1.0,0.0,1.0,
842,324.0,0.0,0.0,0.0,0.0,0.0,0.0,0.0,0.0,1.0,0.0,,,,,,,0.0,1.0,0.0,1.0,0.0,1.0,
380,1021.0,0.0,0.0,0.0,0.0,0.0,0.0,0.0,0.0,1.0,0.0,,,,,,,0.0,1.0,0.0,1.0,0.0,1.0,
417,1513.0,0.0,0.0,0.0,0.0,0.0,0.0,0.0,0.0,1.0,0.0,,,,,,,0.0,1.0,0.0,1.0,0.0,1.0,
511,908.0,0.0,0.0,0.0,0.0,0.0,0.0,0.0,0.0,1.0,0.0,,,,,,,0.0,1.0,0.0,1.0,0.0,1.0,
697,975.0,0.0,0.0,0.0,0.0,0.0,0.0,0.0,0.0,1.0,0.0,,,,,,,0.0,1.0,0.0,1.0,0.0,1.0,
1013,2502.0,0.0,0.0,0.0,0.0,0.0,0.0,0.0,0.0,1.0,0.0,,,,,,,0.0,1.0,0.0,1.0,0.0,1.0,
620,418.0,0.0,0.0,0.0,0.0,0.0,0.0,0.0,0.0,1.0,0.0,,,,,,,0.0,1.0,0.0,1.0,0.0,1.0,
438,878.0,0.0,0.0,0.0,0.0,0.0,0.0,0.0,0.0,1.0,0.0,,,,,,,0.0,1.0,0.0,1.0,0.0,1.0,
458,707.0,0.0,0.0,0.0,0.0,0.0,0.0,0.0,0.0,1.0,0.0,,,,,,,0.0,1.0,0.0,1.0,0.0,1.0,
108,1415.0,0.0,0.0,0.0,0.0,0.0,0.0,0.0,0.0,1.0,0.0,,,,,,,0.0,1.0,0.0,1.0,0.0,1.0,
574,1001.0,0.0,0.0,0.0,0.0,0.0,0.0,0.0,0.0,1.0,0.0,,,,,,,0.0,1.0,0.0,1.0,0.0,1.0,
907,1592.0,0.0,0.0,0.0,0.0,0.0,0.0,0.0,0.0,1.0,0.0,,,,,,,0.0,1.0,0.0,1.0,0.0,1.0,
392,2385.0,0.0,0.0,0.0,0.0,0.0,0.0,0.0,0.0,1.0,0.0,,,,,,,0.0,1.0,0.0,1.0,0.0,1.0,
571,1962.0,0.0,0.0,0.0,0.0,0.0,0.0,0.0,0.0,1.0,0.0,,,,,,,0.0,1.0,0.0,1.0,0.0,1.0,
863,1365.0,0.0,0.0,0.0,0.0,0.0,0.0,0.0,0.0,1.0,0.0,,,,,,,0.0,1.0,0.0,1.0,0.0,1.0,
740,797.0,0.0,0.0,0.0,0.0,0.0,0.0,0.0,0.0,1.0,0.0,,,,,,,0.0,1.0,0.0,1.0,0.0,1.0,
675,774.0,0.0,0.0,0.0,0.0,0.0,0.0,0.0,0.0,1.0,0.0,,,,,,,0.0,1.0,0.0,1.0,0.0,1.0,
451,641.0,0.0,0.0,0.0,0.0,0.0,0.0,0.0,0.0,1.0,0.0,,,,,,,0.0,1.0,0.0,1.0,0.0,1.0,
304,638.0,0.0,0.0,0.0,0.0,0.0,0.0,0.0,0.0,1.0,0.0,,,,,,,0.0,1.0,0.0,1.0,0.0,1.0,
355,808.0,0.0,0.0,0.0,0.0,0.0,0.0,0.0,0.0,1.0,0.0,,,,,,,0.0,1.0,0.0,1.0,0.0,1.0,
975,953.0,0.0,0.0,0.0,0.0,0.0,0.0,0.0,0.0,1.0,0.0,,,,,,,0.0,1.0,0.0,1.0,0.0,1.0,
224,597.0,0.0,0.0,0.0,0.0,0.0,0.0,0.0,0.0,1.0,0.0,,,,,,,0.0,1.0,0.0,1.0,0.0,1.0,
827,937.0,0.0,0.0,0.0,0.0,0.0,0.0,0.0,0.0,1.0,0.0,,,,,,,0.0,1.0,0.0,1.0,0.0,1.0,
624,954.0,0.0,0.0,0.0,0.0,0.0,0.0,0.0,0.0,1.0,0.0,,,,,,,0.0,1.0,0.0,1.0,0.0,1.0,
52,421.0,0.0,0.0,0.0,0.0,0.0,0.0,0.0,0.0,1.0,0.0,,,,,,,0.0,1.0,0.0,1.0,0.0,1.0,
677,778.0,0.0,0.0,0.0,0.0,0.0,0.0,0.0,0.0,1.0,0.0,,,,,,,0.0,1.0,0.0,1.0,0.0,1.0,
809,1650.0,0.0,0.0,0.0,0.0,0.0,0.0,0.0,0.0,1.0,0.0,,,,,,,0.0,1.0,0.0,1.0,0.0,1.0,
157,481.0,0.0,0.0,0.0,0.0,0.0,0.0,0.0,0.0,1.0,0.0,,,,,,,0.0,1.0,0.0,1.0,0.0,1.0,
718,1855.0,0.0,0.0,0.0,0.0,0.0,0.0,0.0,0.0,1.0,0.0,,,,,,,0.0,1.0,0.0,1.0,0.0,1.0,
518,850.0,0.0,0.0,0.0,0.0,0.0,0.0,0.0,0.0,1.0,0.0,,,,,,,0.0,1.0,0.0,1.0,0.0,1.0,
602,430.0,0.0,0.0,0.0,0.0,0.0,0.0,0.0,0.0,1.0,0.0,,,,,,,0.0,1.0,0.0,1.0,0.0,1.0,
132,1512.0,0.0,0.0,0.0,0.0,0.0,0.0,0.0,0.0,1.0,0.0,,,,,,,0.0,1.0,0.0,1.0,0.0,1.0,
464,623.0,0.0,0.0,0.0,0.0,0.0,0.0,0.0,0.0,1.0,0.0,,,,,,,0.0,1.0,0.0,1.0,0.0,1.0,
180,986.0,0.0,0.0,0.0,0.0,0.0,0.0,0.0,0.0,1.0,0.0,,,,,,,0.0,1.0,0.0,1.0,0.0,1.0,
193,1367.0,0.0,0.0,0.0,0.0,0.0,0.0,0.0,0.0,1.0,0.0,,,,,,,0.0,1.0,0.0,1.0,0.0,1.0,
243,811.0,0.0,0.0,0.0,0.0,0.0,0.0,0.0,0.0,1.0,0.0,,,,,,,0.0,1.0,0.0,1.0,0.0,1.0,
31,1684.0,0.0,0.0,0.0,0.0,0.0,0.0,0.0,0.0,1.0,0.0,,,,,,,0.0,1.0,0.0,1.0,0.0,1.0,
925,2136.0,0.0,0.0,0.0,0.0,0.0,0.0,0.0,0.0,1.0,0.0,,,,,,,0.0,1.0,0.0,1.0,0.0,1.0,
480,1524.0,0.0,0.0,0.0,0.0,0.0,0.0,0.0,0.0,1.0,0.0,,,,,,,0.0,1.0,0.0,1.0,0.0,1.0,
833,220.0,0.0,0.0,0.0,0.0,0.0,0.0,0.0,0.0,1.0,0.0,,,,,,,0.0,1.0,0.0,1.0,0.0,1.0,
908,2434.0,0.0,0.0,0.0,0.0,0.0,0.0,0.0,0.0,1.0,0.0,,,,,,,0.0,1.0,0.0,1.0,0.0,1.0,
747,1167.0,0.0,0.0,0.0,0.0,0.0,0.0,0.0,0.0,1.0,0.0,,,,,,,0.0,1.0,0.0,1.0,0.0,1.0,
522,642.0,0.0,0.0,0.0,0.0,0.0,0.0,0.0,0.0,1.0,0.0,,,,,,,0.0,1.0,0.0,1.0,0.0,1.0,
728,470.0,0.0,0.0,0.0,0.0,0.0,0.0,0.0,0.0,1.0,0.0,,,,,,,0.0,1.0,0.0,1.0,0.0,1.0,
424,3021.0,0.0,0.0,0.0,0.0,0.0,0.0,0.0,0.0,1.0,0.0,,,,,,,0.0,1.0,0.0,1.0,0.0,1.0,
48,2760.0,0.0,0.0,0.0,0.0,0.0,0.0,0.0,0.0,1.0,0.0,,,,,,,0.0,1.0,0.0,1.0,0.0,1.0,
13,1113.0,0.0,0.0,0.0,0.0,0.0,0.0,0.0,0.0,1.0,0.0,,,,,,,0.0,1.0,0.0,1.0,0.0,1.0,
95,2585.0,0.0,0.0,0.0,0.0,0.0,0.0,0.0,0.0,1.0,0.0,,,,,,,0.0,1.0,0.0,1.0,0.0,1.0,
755,579.0,0.0,0.0,0.0,0.0,0.0,0.0,0.0,0.0,1.0,0.0,,,,,,,0.0,1.0,0.0,1.0,0.0,1.0,
89,906.0,0.0,0.0,0.0,0.0,0.0,0.0,0.0,0.0,1.0,0.0,,,,,,,0.0,1.0,0.0,1.0,0.0,1.0,
38,394.0,0.0,0.0,0.0,0.0,0.0,0.0,0.0,0.0,1.0,0.0,,,,,,,0.0,1.0,0.0,1.0,0.0,1.0,
514,2414.0,0.0,0.0,0.0,0.0,0.0,0.0,0.0,0.0,1.0,0.0,,,,,,,0.0,1.0,0.0,1.0,0.0,1.0,
665,1133.0,0.0,0.0,0.0,0.0,0.0,0.0,0.0,0.0,1.0,0.0,,,,,,,0.0,1.0,0.0,1.0,0.0,1.0,
390,2685.0,0.0,0.0,0.0,0.0,0.0,0.0,0.0,0.0,1.0,0.0,,,,,,,0.0,1.0,0.0,1.0,0.0,1.0,
405,1043.0,0.0,0.0,0.0,0.0,0.0,0.0,0.0,0.0,1.0,0.0,,,,,,,0.0,1.0,0.0,1.0,0.0,1.0,
454,1361.0,0.0,0.0,0.0,0.0,0.0,0.0,0.0,0.0,1.0,0.0,,,,,,,0.0,1.0,0.0,1.0,0.0,1.0,
734,1268.0,0.0,0.0,0.0,0.0,0.0,0.0,0.0,0.0,1.0,0.0,,,,,,,0.0,1.0,0.0,1.0,0.0,1.0,
205,597.0,0.0,0.0,0.0,0.0,0.0,0.0,0.0,0.0,1.0,0.0,,,,,,,0.0,1.0,0.0,1.0,0.0,1.0,
601,658.0,0.0,0.0,0.0,0.0,0.0,0.0,0.0,0.0,1.0,0.0,,,,,,,0.0,1.0,0.0,1.0,0.0,1.0,
866,1232.0,0.0,0.0,0.0,0.0,0.0,0.0,0.0,0.0,1.0,0.0,,,,,,,0.0,1.0,0.0,1.0,0.0,1.0,
235,2174.0,0.0,0.0,0.0,0.0,0.0,0.0,0.0,0.0,1.0,0.0,,,,,,,0.0,1.0,0.0,1.0,0.0,1.0,
168,1318.0,0.0,0.0,0.0,0.0,0.0,0.0,0.0,0.0,1.0,0.0,,,,,,,0.0,1.0,0.0,1.0,0.0,1.0,
1025,1146.0,0.0,0.0,0.0,0.0,0.0,0.0,0.0,0.0,1.0,0.0,,,,,,,0.0,1.0,0.0,1.0,0.0,1.0,
905,315.0,0.0,0.0,0.0,0.0,0.0,0.0,0.0,0.0,1.0,0.0,,,,,,,0.0,1.0,0.0,1.0,0.0,1.0,
769,255.0,0.0,0.0,0.0,0.0,0.0,0.0,0.0,0.0,1.0,0.0,,,,,,,0.0,1.0,0.0,1.0,0.0,1.0,
335,231.0,0.0,0.0,0.0,0.0,0.0,0.0,0.0,0.0,1.0,0.0,,,,,,,0.0,1.0,0.0,1.0,0.0,1.0,
811,662.0,0.0,0.0,0.0,0.0,0.0,0.0,0.0,0.0,1.0,0.0,,,,,,,0.0,1.0,0.0,1.0,0.0,1.0,
280,443.0,0.0,0.0,0.0,0.0,0.0,0.0,0.0,0.0,1.0,0.0,,,,,,,0.0,1.0,0.0,1.0,0.0,1.0,
111,1041.0,0.0,0.0,0.0,0.0,0.0,0.0,0.0,0.0,1.0,0.0,,,,,,,0.0,1.0,0.0,1.0,0.0,1.0,
11,995.0,0.0,0.0,0.0,0.0,0.0,0.0,0.0,0.0,1.0,0.0,,,,,,,0.0,1.0,0.0,1.0,0.0,1.0,
439,1945.0,0.0,0.0,0.0,0.0,0.0,0.0,0.0,0.0,1.0,0.0,,,,,,,0.0,1.0,0.0,1.0,0.0,1.0,
497,2000.0,0.0,0.0,0.0,0.0,0.0,0.0,0.0,0.0,1.0,0.0,,,,,,,0.0,1.0,0.0,1.0,0.0,1.0,
103,940.0,0.0,0.0,0.0,0.0,0.0,0.0,0.0,0.0,1.0,0.0,,,,,,,0.0,1.0,0.0,1.0,0.0,1.0,
982,2080.0,0.0,0.0,0.0,0.0,0.0,0.0,0.0,0.0,1.0,0.0,,,,,,,0.0,1.0,0.0,1.0,0.0,1.0,
880,335.0,0.0,0.0,0.0,0.0,0.0,0.0,0.0,0.0,1.0,0.0,,,,,,,0.0,1.0,0.0,1.0,0.0,1.0,
453,2910.0,0.0,0.0,0.0,0.0,0.0,0.0,0.0,0.0,1.0,0.0,,,,,,,0.0,1.0,0.0,1.0,0.0,1.0,
396,1325.0,0.0,0.0,0.0,0.0,0.0,0.0,0.0,0.0,1.0,0.0,,,,,,,0.0,1.0,0.0,1.0,0.0,1.0,
137,567.0,0.0,0.0,0.0,0.0,0.0,0.0,0.0,0.0,1.0,0.0,,,,,,,0.0,1.0,0.0,1.0,0.0,1.0,
86,1385.0,0.0,0.0,0.0,0.0,0.0,0.0,0.0,0.0,1.0,0.0,,,,,,,0.0,1.0,0.0,1.0,0.0,1.0,
640,2343.0,0.0,0.0,0.0,0.0,0.0,0.0,0.0,0.0,1.0,0.0,,,,,,,0.0,1.0,0.0,1.0,0.0,1.0,
181,1261.0,0.0,0.0,0.0,0.0,0.0,0.0,0.0,0.0,1.0,0.0,,,,,,,0.0,1.0,0.0,1.0,0.0,1.0,
140,1152.0,0.0,0.0,0.0,0.0,0.0,0.0,0.0,0.0,1.0,0.0,,,,,,,0.0,1.0,0.0,1.0,0.0,1.0,
986,1225.0,0.0,0.0,0.0,0.0,0.0,0.0,0.0,0.0,1.0,0.0,,,,,,,0.0,1.0,0.0,1.0,0.0,1.0,
732,1512.0,0.0,0.0,0.0,0.0,0.0,0.0,0.0,0.0,1.0,0.0,,,,,,,0.0,1.0,0.0,1.0,0.0,1.0,
823,2992.0,0.0,0.0,0.0,0.0,0.0,0.0,0.0,0.0,1.0,0.0,,,,,,,0.0,1.0,0.0,1.0,0.0,1.0,
599,2565.0,0.0,0.0,0.0,0.0,0.0,0.0,0.0,0.0,1.0,0.0,,,,,,,0.0,1.0,0.0,1.0,0.0,1.0,
742,2387.0,0.0,0.0,0.0,0.0,0.0,0.0,0.0,0.0,1.0,0.0,,,,,,,0.0,1.0,0.0,1.0,0.0,1.0,
110,2320.0,0.0,0.0,0.0,0.0,0.0,0.0,0.0,0.0,1.0,0.0,,,,,,,0.0,1.0,0.0,1.0,0.0,1.0,
891,340.0,0.0,0.0,0.0,0.0,0.0,0.0,0.0,0.0,1.0,0.0,,,,,,,0.0,1.0,0.0,1.0,0.0,1.0,
610,2853.0,0.0,0.0,0.0,0.0,0.0,0.0,0.0,0.0,1.0,0.0,,,,,,,0.0,1.0,0.0,1.0,0.0,1.0,
577,911.0,0.0,0.0,0.0,0.0,0.0,0.0,0.0,0.0,1.0,0.0,,,,,,,0.0,1.0,0.0,1.0,0.0,1.0,
307,1889.0,0.0,0.0,0.0,0.0,0.0,0.0,0.0,0.0,1.0,0.0,,,,,,,0.0,1.0,0.0,1.0,0.0,1.0,
292,2003.0,0.0,0.0,0.0,0.0,0.0,0.0,0.0,0.0,1.0,0.0,,,,,,,0.0,1.0,0.0,1.0,0.0,1.0,
956,537.0,0.0,0.0,0.0,0.0,0.0,0.0,0.0,0.0,1.0,0.0,,,,,,,0.0,1.0,0.0,1.0,0.0,1.0,
995,788.0,0.0,0.0,0.0,0.0,0.0,0.0,0.0,0.0,1.0,0.0,,,,,,,0.0,1.0,0.0,1.0,0.0,1.0,
561,686.0,0.0,0.0,0.0,0.0,0.0,0.0,0.0,0.0,1.0,0.0,,,,,,,0.0,1.0,0.0,1.0,0.0,1.0,
477,629.0,0.0,0.0,0.0,0.0,0.0,0.0,0.0,0.0,1.0,0.0,,,,,,,0.0,1.0,0.0,1.0,0.0,1.0,
692,3020.0,0.0,0.0,0.0,0.0,0.0,0.0,0.0,0.0,1.0,0.0,,,,,,,0.0,1.0,0.0,1.0,0.0,1.0,
156,377.0,0.0,0.0,0.0,0.0,0.0,0.0,0.0,0.0,1.0,0.0,,,,,,,0.0,1.0,0.0,1.0,0.0,1.0,
779,1286.0,0.0,0.0,0.0,0.0,0.0,0.0,0.0,0.0,1.0,0.0,,,,,,,0.0,1.0,0.0,1.0,0.0,1.0,
573,1087.0,0.0,0.0,0.0,0.0,0.0,0.0,0.0,0.0,1.0,0.0,,,,,,,0.0,1.0,0.0,1.0,0.0,1.0,
444,1971.0,0.0,0.0,0.0,0.0,0.0,0.0,0.0,0.0,1.0,0.0,,,,,,,0.0,1.0,0.0,1.0,0.0,1.0,
491,1563.0,0.0,0.0,0.0,0.0,0.0,0.0,0.0,0.0,1.0,0.0,,,,,,,0.0,1.0,0.0,1.0,0.0,1.0,
88,1164.0,0.0,0.0,0.0,0.0,0.0,0.0,0.0,0.0,1.0,0.0,,,,,,,0.0,1.0,0.0,1.0,0.0,1.0,
475,955.0,0.0,0.0,0.0,0.0,0.0,0.0,0.0,0.0,1.0,0.0,,,,,,,0.0,1.0,0.0,1.0,0.0,1.0,
688,373.0,0.0,0.0,0.0,0.0,0.0,0.0,0.0,0.0,1.0,0.0,,,,,,,0.0,1.0,0.0,1.0,0.0,1.0,
40,756.0,0.0,0.0,0.0,0.0,0.0,0.0,0.0,0.0,1.0,0.0,,,,,,,0.0,1.0,0.0,1.0,0.0,1.0,
15,1571.0,0.0,0.0,0.0,0.0,0.0,0.0,0.0,0.0,1.0,0.0,,,,,,,0.0,1.0,0.0,1.0,0.0,1.0,
93,1440.0,0.0,0.0,0.0,0.0,0.0,0.0,0.0,0.0,1.0,0.0,,,,,,,0.0,1.0,0.0,1.0,0.0,1.0,
81,579.0,0.0,0.0,0.0,0.0,0.0,0.0,0.0,0.0,1.0,0.0,,,,,,,0.0,1.0,0.0,1.0,0.0,1.0,
787,770.0,0.0,0.0,0.0,0.0,0.0,0.0,0.0,0.0,1.0,0.0,,,,,,,0.0,1.0,0.0,1.0,0.0,1.0,
467,812.0,0.0,0.0,0.0,0.0,0.0,0.0,0.0,0.0,1.0,0.0,,,,,,,0.0,1.0,0.0,1.0,0.0,1.0,
154,1199.0,0.0,0.0,0.0,0.0,0.0,0.0,0.0,0.0,1.0,0.0,,,,,,,0.0,1.0,0.0,1.0,0.0,1.0,
885,1707.0,0.0,0.0,0.0,0.0,0.0,0.0,0.0,0.0,1.0,0.0,,,,,,,0.0,1.0,0.0,1.0,0.0,1.0,
210,1741.0,0.0,0.0,0.0,0.0,0.0,0.0,0.0,0.0,1.0,0.0,,,,,,,0.0,1.0,0.0,1.0,0.0,1.0,
720,760.0,0.0,0.0,0.0,0.0,0.0,0.0,0.0,0.0,1.0,0.0,,,,,,,0.0,1.0,0.0,1.0,0.0,1.0,
739,2397.0,0.0,0.0,0.0,0.0,0.0,0.0,0.0,0.0,1.0,0.0,,,,,,,0.0,1.0,0.0,1.0,0.0,1.0,
169,271.0,0.0,0.0,0.0,0.0,0.0,0.0,0.0,0.0,1.0,0.0,,,,,,,0.0,1.0,0.0,1.0,0.0,1.0,
600,1429.0,0.0,0.0,0.0,0.0,0.0,0.0,0.0,0.0,1.0,0.0,,,,,,,0.0,1.0,0.0,1.0,0.0,1.0,
954,844.0,0.0,0.0,0.0,0.0,0.0,0.0,0.0,0.0,1.0,0.0,,,,,,,0.0,1.0,0.0,1.0,0.0,1.0,
872,217.0,0.0,0.0,0.0,0.0,0.0,0.0,0.0,0.0,1.0,0.0,,,,,,,0.0,1.0,0.0,1.0,0.0,1.0,
553,2314.0,0.0,0.0,0.0,0.0,0.0,0.0,0.0,0.0,1.0,0.0,,,,,,,0.0,1.0,0.0,1.0,0.0,1.0,
953,556.0,0.0,0.0,0.0,0.0,0.0,0.0,0.0,0.0,1.0,0.0,,,,,,,0.0,1.0,0.0,1.0,0.0,1.0,
250,280.0,0.0,0.0,0.0,0.0,0.0,0.0,0.0,0.0,1.0,0.0,,,,,,,0.0,1.0,0.0,1.0,0.0,1.0,
670,1714.0,0.0,0.0,0.0,0.0,0.0,0.0,0.0,0.0,1.0,0.0,,,,,,,0.0,1.0,0.0,1.0,0.0,1.0,
10,1424.0,0.0,0.0,0.0,0.0,0.0,0.0,0.0,0.0,1.0,0.0,,,,,,,0.0,1.0,0.0,1.0,0.0,1.0,
957,2596.0,0.0,0.0,0.0,0.0,0.0,0.0,0.0,0.0,1.0,0.0,,,,,,,0.0,1.0,0.0,1.0,0.0,1.0,
539,812.0,0.0,0.0,0.0,0.0,0.0,0.0,0.0,0.0,1.0,0.0,,,,,,,0.0,1.0,0.0,1.0,0.0,1.0,
46,287.0,0.0,0.0,0.0,0.0,0.0,0.0,0.0,0.0,1.0,0.0,,,,,,,0.0,1.0,0.0,1.0,0.0,1.0,
290,815.0,0.0,0.0,0.0,0.0,0.0,0.0,0.0,0.0,1.0,0.0,,,,,,,0.0,1.0,0.0,1.0,0.0,1.0,
19,2856.0,0.0,0.0,0.0,0.0,0.0,0.0,0.0,0.0,1.0,0.0,,,,,,,0.0,1.0,0.0,1.0,0.0,1.0,
867,390.0,0.0,0.0,0.0,0.0,0.0,0.0,0.0,0.0,1.0,0.0,,,,,,,0.0,1.0,0.0,1.0,0.0,1.0,
549,2297.0,0.0,0.0,0.0,0.0,0.0,0.0,0.0,0.0,1.0,0.0,,,,,,,0.0,1.0,0.0,1.0,0.0,1.0,
302,2258.0,0.0,0.0,0.0,0.0,0.0,0.0,0.0,0.0,1.0,0.0,,,,,,,0.0,1.0,0.0,1.0,0.0,1.0,
632,1271.0,0.0,0.0,0.0,0.0,0.0,0.0,0.0,0.0,1.0,0.0,,,,,,,0.0,1.0,0.0,1.0,0.0,1.0,
509,1708.0,0.0,0.0,0.0,0.0,0.0,0.0,0.0,0.0,1.0,0.0,,,,,,,0.0,1.0,0.0,1.0,0.0,1.0,
91,1187.0,0.0,0.0,0.0,0.0,0.0,0.0,0.0,0.0,1.0,0.0,,,,,,,0.0,1.0,0.0,1.0,0.0,1.0,
910,1266.0,0.0,0.0,0.0,0.0,0.0,0.0,0.0,0.0,1.0,0.0,,,,,,,0.0,1.0,0.0,1.0,0.0,1.0,
900,1897.0,0.0,0.0,0.0,0.0,0.0,0.0,0.0,0.0,1.0,0.0,,,,,,,0.0,1.0,0.0,1.0,0.0,1.0,
190,801.0,0.0,0.0,0.0,0.0,0.0,0.0,0.0,0.0,1.0,0.0,,,,,,,0.0,1.0,0.0,1.0,0.0,1.0,
760,230.0,0.0,0.0,0.0,0.0,0.0,0.0,0.0,0.0,1.0,0.0,,,,,,,0.0,1.0,0.0,1.0,0.0,1.0,
834,263.0,0.0,0.0,0.0,0.0,0.0,0.0,0.0,0.0,1.0,0.0,,,,,,,0.0,1.0,0.0,1.0,0.0,1.0,
236,616.0,0.0,0.0,0.0,0.0,0.0,0.0,0.0,0.0,1.0,0.0,,,,,,,0.0,1.0,0.0,1.0,0.0,1.0,
114,1018.0,0.0,0.0,0.0,0.0,0.0,0.0,0.0,0.0,1.0,0.0,,,,,,,0.0,1.0,0.0,1.0,0.0,1.0,
674,1605.0,0.0,0.0,0.0,0.0,0.0,0.0,0.0,0.0,1.0,0.0,,,,,,,0.0,1.0,0.0,1.0,0.0,1.0,
208,446.0,0.0,0.0,0.0,0.0,0.0,0.0,0.0,0.0,1.0,0.0,,,,,,,0.0,1.0,0.0,1.0,0.0,1.0,
128,1299.0,0.0,0.0,0.0,0.0,0.0,0.0,0.0,0.0,1.0,0.0,,,,,,,0.0,1.0,0.0,1.0,0.0,1.0,
512,245.0,0.0,0.0,0.0,0.0,0.0,0.0,0.0,0.0,1.0,0.0,,,,,,,0.0,1.0,0.0,1.0,0.0,1.0,
322,522.0,0.0,0.0,0.0,0.0,0.0,0.0,0.0,0.0,1.0,0.0,,,,,,,0.0,1.0,0.0,1.0,0.0,1.0,
211,1555.0,0.0,0.0,0.0,0.0,0.0,0.0,0.0,0.0,1.0,0.0,,,,,,,0.0,1.0,0.0,1.0,0.0,1.0,
850,478.0,0.0,0.0,0.0,0.0,0.0,0.0,0.0,0.0,1.0,0.0,,,,,,,0.0,1.0,0.0,1.0,0.0,1.0,
513,2575.0,0.0,0.0,0.0,0.0,0.0,0.0,0.0,0.0,1.0,0.0,,,,,,,0.0,1.0,0.0,1.0,0.0,1.0,
141,861.0,0.0,0.0,0.0,0.0,0.0,0.0,0.0,0.0,1.0,0.0,,,,,,,0.0,1.0,0.0,1.0,0.0,1.0,
671,2337.0,0.0,0.0,0.0,0.0,0.0,0.0,0.0,0.0,1.0,0.0,,,,,,,0.0,1.0,0.0,1.0,0.0,1.0,
896,882.0,0.0,0.0,0.0,0.0,0.0,0.0,0.0,0.0,1.0,0.0,,,,,,,0.0,1.0,0.0,1.0,0.0,1.0,
433,864.0,0.0,0.0,0.0,0.0,0.0,0.0,0.0,0.0,1.0,0.0,,,,,,,0.0,1.0,0.0,1.0,0.0,1.0,
182,1119.0,0.0,0.0,0.0,0.0,0.0,0.0,0.0,0.0,1.0,0.0,,,,,,,0.0,1.0,0.0,1.0,0.0,1.0,
887,1434.0,0.0,0.0,0.0,0.0,0.0,0.0,0.0,0.0,1.0,0.0,,,,,,,0.0,1.0,0.0,1.0,0.0,1.0,
507,952.0,0.0,0.0,0.0,0.0,0.0,0.0,0.0,0.0,1.0,0.0,,,,,,,0.0,1.0,0.0,1.0,0.0,1.0,
832,1806.0,0.0,0.0,0.0,0.0,0.0,0.0,0.0,0.0,1.0,0.0,,,,,,,0.0,1.0,0.0,1.0,0.0,1.0,
798,444.0,0.0,0.0,0.0,0.0,0.0,0.0,0.0,0.0,1.0,0.0,,,,,,,0.0,1.0,0.0,1.0,0.0,1.0,
985,2744.0,0.0,0.0,0.0,0.0,0.0,0.0,0.0,0.0,1.0,0.0,,,,,,,0.0,1.0,0.0,1.0,0.0,1.0,
544,509.0,0.0,0.0,0.0,0.0,0.0,0.0,0.0,0.0,1.0,0.0,,,,,,,0.0,1.0,0.0,1.0,0.0,1.0,
576,470.0,0.0,0.0,0.0,0.0,0.0,0.0,0.0,0.0,1.0,0.0,,,,,,,0.0,1.0,0.0,1.0,0.0,1.0,
27,424.0,0.0,0.0,0.0,0.0,0.0,0.0,0.0,0.0,1.0,0.0,,,,,,,0.0,1.0,0.0,1.0,0.0,1.0,
725,2480.0,0.0,0.0,0.0,0.0,0.0,0.0,0.0,0.0,1.0,0.0,,,,,,,0.0,1.0,0.0,1.0,0.0,1.0,
298,887.0,0.0,0.0,0.0,0.0,0.0,0.0,0.0,0.0,1.0,0.0,,,,,,,0.0,1.0,0.0,1.0,0.0,1.0,
209,1802.0,0.0,0.0,0.0,0.0,0.0,0.0,0.0,0.0,1.0,0.0,,,,,,,0.0,1.0,0.0,1.0,0.0,1.0,
387,2097.0,0.0,0.0,0.0,0.0,0.0,0.0,0.0,0.0,1.0,0.0,,,,,,,0.0,1.0,0.0,1.0,0.0,1.0,
411,2232.0,0.0,0.0,0.0,0.0,0.0,0.0,0.0,0.0,1.0,0.0,,,,,,,0.0,1.0,0.0,1.0,0.0,1.0,
627,2622.0,0.0,0.0,0.0,0.0,0.0,0.0,0.0,0.0,1.0,0.0,,,,,,,0.0,1.0,0.0,1.0,0.0,1.0,
389,777.0,0.0,0.0,0.0,0.0,0.0,0.0,0.0,0.0,1.0,0.0,,,,,,,0.0,1.0,0.0,1.0,0.0,1.0,
794,604.0,0.0,0.0,0.0,0.0,0.0,0.0,0.0,0.0,1.0,0.0,,,,,,,0.0,1.0,0.0,1.0,0.0,1.0,
581,607.0,0.0,0.0,0.0,0.0,0.0,0.0,0.0,0.0,1.0,0.0,,,,,,,0.0,1.0,0.0,1.0,0.0,1.0,
1034,1775.0,0.0,0.0,0.0,0.0,0.0,0.0,0.0,0.0,1.0,0.0,,,,,,,0.0,1.0,0.0,1.0,0.0,1.0,
196,330.0,0.0,0.0,0.0,0.0,0.0,0.0,0.0,0.0,1.0,0.0,,,,,,,0.0,1.0,0.0,1.0,0.0,1.0,
16,3146.0,0.0,0.0,0.0,0.0,0.0,0.0,0.0,0.0,1.0,0.0,,,,,,,0.0,1.0,0.0,1.0,0.0,1.0,
34,234.0,0.0,0.0,0.0,0.0,0.0,0.0,0.0,0.0,1.0,0.0,,,,,,,0.0,1.0,0.0,1.0,0.0,1.0,
468,825.0,0.0,0.0,0.0,0.0,0.0,0.0,0.0,0.0,1.0,0.0,,,,,,,0.0,1.0,0.0,1.0,0.0,1.0,
918,819.0,0.0,0.0,0.0,0.0,0.0,0.0,0.0,0.0,1.0,0.0,,,,,,,0.0,1.0,0.0,1.0,0.0,1.0,
654,1524.0,0.0,0.0,0.0,0.0,0.0,0.0,0.0,0.0,1.0,0.0,,,,,,,0.0,1.0,0.0,1.0,0.0,1.0,
61,274.0,0.0,0.0,0.0,0.0,0.0,0.0,0.0,0.0,1.0,0.0,,,,,,,0.0,1.0,0.0,1.0,0.0,1.0,
82,1370.0,0.0,0.0,0.0,0.0,0.0,0.0,0.0,0.0,1.0,0.0,,,,,,,0.0,1.0,0.0,1.0,0.0,1.0,
118,1940.0,0.0,0.0,0.0,0.0,0.0,0.0,0.0,0.0,1.0,0.0,,,,,,,0.0,1.0,0.0,1.0,0.0,1.0,
368,1926.0,0.0,0.0,0.0,0.0,0.0,0.0,0.0,0.0,1.0,0.0,,,,,,,0.0,1.0,0.0,1.0,0.0,1.0,
305,1486.0,0.0,0.0,0.0,0.0,0.0,0.0,0.0,0.0,1.0,0.0,,,,,,,0.0,1.0,0.0,1.0,0.0,1.0,
375,299.0,0.0,0.0,0.0,0.0,0.0,0.0,0.0,0.0,1.0,0.0,,,,,,,0.0,1.0,0.0,1.0,0.0,1.0,
234,2666.0,0.0,0.0,0.0,0.0,0.0,0.0,0.0,0.0,1.0,0.0,,,,,,,0.0,1.0,0.0,1.0,0.0,1.0,
232,219.0,0.0,0.0,0.0,0.0,0.0,0.0,0.0,0.0,1.0,0.0,,,,,,,0.0,1.0,0.0,1.0,0.0,1.0,
361,595.0,0.0,0.0,0.0,0.0,0.0,0.0,0.0,0.0,1.0,0.0,,,,,,,0.0,1.0,0.0,1.0,0.0,1.0,
450,1244.0,0.0,0.0,0.0,0.0,0.0,0.0,0.0,0.0,1.0,0.0,,,,,,,0.0,1.0,0.0,1.0,0.0,1.0,
125,532.0,0.0,0.0,0.0,0.0,0.0,0.0,0.0,0.0,1.0,0.0,,,,,,,0.0,1.0,0.0,1.0,0.0,1.0,
727,1395.0,0.0,0.0,0.0,0.0,0.0,0.0,0.0,0.0,1.0,0.0,,,,,,,0.0,1.0,0.0,1.0,0.0,1.0,
1041,253.0,0.0,0.0,0.0,0.0,0.0,0.0,0.0,0.0,1.0,0.0,,,,,,,0.0,1.0,0.0,1.0,0.0,1.0,
109,1337.0,0.0,0.0,0.0,0.0,0.0,0.0,0.0,0.0,1.0,0.0,,,,,,,0.0,1.0,0.0,1.0,0.0,1.0,
960,514.0,0.0,0.0,0.0,0.0,0.0,0.0,0.0,0.0,1.0,0.0,,,,,,,0.0,1.0,0.0,1.0,0.0,1.0,
418,376.0,0.0,0.0,0.0,0.0,0.0,0.0,0.0,0.0,1.0,0.0,,,,,,,0.0,1.0,0.0,1.0,0.0,1.0,
643,446.0,0.0,0.0,0.0,0.0,0.0,0.0,0.0,0.0,1.0,0.0,,,,,,,0.0,1.0,0.0,1.0,0.0,1.0,
628,775.0,0.0,0.0,0.0,0.0,0.0,0.0,0.0,0.0,1.0,0.0,,,,,,,0.0,1.0,0.0,1.0,0.0,1.0,
345,965.0,0.0,0.0,0.0,0.0,0.0,0.0,0.0,0.0,1.0,0.0,,,,,,,0.0,1.0,0.0,1.0,0.0,1.0,
360,2415.0,0.0,0.0,0.0,0.0,0.0,0.0,0.0,0.0,1.0,0.0,,,,,,,0.0,1.0,0.0,1.0,0.0,1.0,
783,2432.0,0.0,0.0,0.0,0.0,0.0,0.0,0.0,0.0,1.0,0.0,,,,,,,0.0,1.0,0.0,1.0,0.0,1.0,
622,421.0,0.0,0.0,0.0,0.0,0.0,0.0,0.0,0.0,1.0,0.0,,,,,,,0.0,1.0,0.0,1.0,0.0,1.0,
187,2748.0,0.0,0.0,0.0,0.0,0.0,0.0,0.0,0.0,1.0,0.0,,,,,,,0.0,1.0,0.0,1.0,0.0,1.0,
773,2548.0,0.0,0.0,0.0,0.0,0.0,0.0,0.0,0.0,1.0,0.0,,,,,,,0.0,1.0,0.0,1.0,0.0,1.0,
131,693.0,0.0,0.0,0.0,0.0,0.0,0.0,0.0,0.0,1.0,0.0,,,,,,,0.0,1.0,0.0,1.0,0.0,1.0,
695,2405.0,0.0,0.0,0.0,0.0,0.0,0.0,0.0,0.0,1.0,0.0,,,,,,,0.0,1.0,0.0,1.0,0.0,1.0,
942,1683.0,0.0,0.0,0.0,0.0,0.0,0.0,0.0,0.0,1.0,0.0,,,,,,,0.0,1.0,0.0,1.0,0.0,1.0,
582,1741.0,0.0,0.0,0.0,0.0,0.0,0.0,0.0,0.0,1.0,0.0,,,,,,,0.0,1.0,0.0,1.0,0.0,1.0,
242,3030.0,0.0,0.0,0.0,0.0,0.0,0.0,0.0,0.0,1.0,0.0,,,,,,,0.0,1.0,0.0,1.0,0.0,1.0,
978,1982.0,0.0,0.0,0.0,0.0,0.0,0.0,0.0,0.0,1.0,0.0,,,,,,,0.0,1.0,0.0,1.0,0.0,1.0,
843,755.0,0.0,0.0,0.0,0.0,0.0,0.0,0.0,0.0,1.0,0.0,,,,,,,0.0,1.0,0.0,1.0,0.0,1.0,
172,576.0,0.0,0.0,0.0,0.0,0.0,0.0,0.0,0.0,1.0,0.0,,,,,,,0.0,1.0,0.0,1.0,0.0,1.0,
442,1377.0,0.0,0.0,0.0,0.0,0.0,0.0,0.0,0.0,1.0,0.0,,,,,,,0.0,1.0,0.0,1.0,0.0,1.0,
482,1295.0,0.0,0.0,0.0,0.0,0.0,0.0,0.0,0.0,1.0,0.0,,,,,,,0.0,1.0,0.0,1.0,0.0,1.0,
940,645.0,0.0,0.0,0.0,0.0,0.0,0.0,0.0,0.0,1.0,0.0,,,,,,,0.0,1.0,0.0,1.0,0.0,1.0,
270,2491.0,0.0,0.0,0.0,0.0,0.0,0.0,0.0,0.0,1.0,0.0,,,,,,,0.0,1.0,0.0,1.0,0.0,1.0,
1043,440.0,0.0,0.0,0.0,0.0,0.0,0.0,0.0,0.0,1.0,0.0,,,,,,,0.0,1.0,0.0,1.0,0.0,1.0,
299,1601.0,0.0,0.0,0.0,0.0,0.0,0.0,0.0,0.0,1.0,0.0,,,,,,,0.0,1.0,0.0,1.0,0.0,1.0,
586,1372.0,0.0,0.0,0.0,0.0,0.0,0.0,0.0,0.0,1.0,0.0,,,,,,,0.0,1.0,0.0,1.0,0.0,1.0,
466,404.0,0.0,0.0,0.0,0.0,0.0,0.0,0.0,0.0,1.0,0.0,,,,,,,0.0,1.0,0.0,1.0,0.0,1.0,
580,1758.0,0.0,0.0,0.0,0.0,0.0,0.0,0.0,0.0,1.0,0.0,,,,,,,0.0,1.0,0.0,1.0,0.0,1.0,
366,213.0,0.0,0.0,0.0,0.0,0.0,0.0,0.0,0.0,1.0,0.0,,,,,,,0.0,1.0,0.0,1.0,0.0,1.0,
503,655.0,0.0,0.0,0.0,0.0,0.0,0.0,0.0,0.0,1.0,0.0,,,,,,,0.0,1.0,0.0,1.0,0.0,1.0,
517,1322.0,0.0,0.0,0.0,0.0,0.0,0.0,0.0,0.0,1.0,0.0,,,,,,,0.0,1.0,0.0,1.0,0.0,1.0,
408,2701.0,0.0,0.0,0.0,0.0,0.0,0.0,0.0,0.0,1.0,0.0,,,,,,,0.0,1.0,0.0,1.0,0.0,1.0,
584,666.0,0.0,0.0,0.0,0.0,0.0,0.0,0.0,0.0,1.0,0.0,,,,,,,0.0,1.0,0.0,1.0,0.0,1.0,
151,666.0,0.0,0.0,0.0,0.0,0.0,0.0,0.0,0.0,1.0,0.0,,,,,,,0.0,1.0,0.0,1.0,0.0,1.0,
430,1532.0,0.0,0.0,0.0,0.0,0.0,0.0,0.0,0.0,1.0,0.0,,,,,,,0.0,1.0,0.0,1.0,0.0,1.0,
204,2527.0,0.0,0.0,0.0,0.0,0.0,0.0,0.0,0.0,1.0,0.0,,,,,,,0.0,1.0,0.0,1.0,0.0,1.0,
317,669.0,0.0,0.0,0.0,0.0,0.0,0.0,0.0,0.0,1.0,0.0,,,,,,,0.0,1.0,0.0,1.0,0.0,1.0,
474,316.0,0.0,0.0,0.0,0.0,0.0,0.0,0.0,0.0,1.0,0.0,,,,,,,0.0,1.0,0.0,1.0,0.0,1.0,
69,2314.0,0.0,0.0,0.0,0.0,0.0,0.0,0.0,0.0,1.0,0.0,,,,,,,0.0,1.0,0.0,1.0,0.0,1.0,
256,191.0,0.0,0.0,0.0,0.0,0.0,0.0,0.0,0.0,1.0,0.0,,,,,,,0.0,1.0,0.0,1.0,0.0,1.0,
977,420.0,0.0,0.0,0.0,0.0,0.0,0.0,0.0,0.0,1.0,0.0,,,,,,,0.0,1.0,0.0,1.0,0.0,1.0,
527,220.0,0.0,0.0,0.0,0.0,0.0,0.0,0.0,0.0,1.0,0.0,,,,,,,0.0,1.0,0.0,1.0,0.0,1.0,
875,1026.0,0.0,0.0,0.0,0.0,0.0,0.0,0.0,0.0,1.0,0.0,,,,,,,0.0,1.0,0.0,1.0,0.0,1.0,
398,1173.0,0.0,0.0,0.0,0.0,0.0,0.0,0.0,0.0,1.0,0.0,,,,,,,0.0,1.0,0.0,1.0,0.0,1.0,
43,537.0,0.0,0.0,0.0,0.0,0.0,0.0,0.0,0.0,1.0,0.0,,,,,,,0.0,1.0,0.0,1.0,0.0,1.0,
788,574.0,0.0,0.0,0.0,0.0,0.0,0.0,0.0,0.0,1.0,0.0,,,,,,,0.0,1.0,0.0,1.0,0.0,1.0,
679,1088.0,0.0,0.0,0.0,0.0,0.0,0.0,0.0,0.0,1.0,0.0,,,,,,,0.0,1.0,0.0,1.0,0.0,1.0,
708,1360.0,0.0,0.0,0.0,0.0,0.0,0.0,0.0,0.0,1.0,0.0,,,,,,,0.0,1.0,0.0,1.0,0.0,1.0,
861,1365.0,0.0,0.0,0.0,0.0,0.0,0.0,0.0,0.0,1.0,0.0,,,,,,,0.0,1.0,0.0,1.0,0.0,1.0,
184,2761.0,0.0,0.0,0.0,0.0,0.0,0.0,0.0,0.0,1.0,0.0,,,,,,,0.0,1.0,0.0,1.0,0.0,1.0,
279,206.0,0.0,0.0,0.0,0.0,0.0,0.0,0.0,0.0,1.0,0.0,,,,,,,0.0,1.0,0.0,1.0,0.0,1.0,
348,705.0,0.0,0.0,0.0,0.0,0.0,0.0,0.0,0.0,1.0,0.0,,,,,,,0.0,1.0,0.0,1.0,0.0,1.0,
941,942.0,0.0,0.0,0.0,0.0,0.0,0.0,0.0,0.0,1.0,0.0,,,,,,,0.0,1.0,0.0,1.0,0.0,1.0,
97,1474.0,0.0,0.0,0.0,0.0,0.0,0.0,0.0,0.0,1.0,0.0,,,,,,,0.0,1.0,0.0,1.0,0.0,1.0,
838,411.0,0.0,0.0,0.0,0.0,0.0,0.0,0.0,0.0,1.0,0.0,,,,,,,0.0,1.0,0.0,1.0,0.0,1.0,
327,1079.0,0.0,0.0,0.0,0.0,0.0,0.0,0.0,0.0,1.0,0.0,,,,,,,0.0,1.0,0.0,1.0,0.0,1.0,
709,1011.0,0.0,0.0,0.0,0.0,0.0,0.0,0.0,0.0,1.0,0.0,,,,,,,0.0,1.0,0.0,1.0,0.0,1.0,
792,634.0,0.0,0.0,0.0,0.0,0.0,0.0,0.0,0.0,1.0,0.0,,,,,,,0.0,1.0,0.0,1.0,0.0,1.0,
171,249.0,0.0,0.0,0.0,0.0,0.0,0.0,0.0,0.0,1.0,0.0,,,,,,,0.0,1.0,0.0,1.0,0.0,1.0,
0,694.0,0.0,0.0,0.0,0.0,0.0,0.0,0.0,0.0,1.0,0.0,,,,,,,0.0,1.0,0.0,1.0,0.0,1.0,
1004,1496.0,0.0,0.0,0.0,0.0,0.0,0.0,0.0,0.0,1.0,0.0,,,,,,,0.0,1.0,0.0,1.0,0.0,1.0,
378,2656.0,0.0,0.0,0.0,0.0,0.0,0.0,0.0,0.0,1.0,0.0,,,,,,,0.0,1.0,0.0,1.0,0.0,1.0,
565,404.0,0.0,0.0,0.0,0.0,0.0,0.0,0.0,0.0,1.0,0.0,,,,,,,0.0,1.0,0.0,1.0,0.0,1.0,
802,1751.0,0.0,0.0,0.0,0.0,0.0,0.0,0.0,0.0,1.0,0.0,,,,,,,0.0,1.0,0.0,1.0,0.0,1.0,
543,1164.0,0.0,0.0,0.0,0.0,0.0,0.0,0.0,0.0,1.0,0.0,,,,,,,0.0,1.0,0.0,1.0,0.0,1.0,
791,1216.0,0.0,0.0,0.0,0.0,0.0,0.0,0.0,0.0,1.0,0.0,,,,,,,0.0,1.0,0.0,1.0,0.0,1.0,
164,1716.0,0.0,0.0,0.0,0.0,0.0,0.0,0.0,0.0,1.0,0.0,,,,,,,0.0,1.0,0.0,1.0,0.0,1.0,
402,1825.0,0.0,0.0,0.0,0.0,0.0,0.0,0.0,0.0,1.0,0.0,,,,,,,0.0,1.0,0.0,1.0,0.0,1.0,
685,1439.0,0.0,0.0,0.0,0.0,0.0,0.0,0.0,0.0,1.0,0.0,,,,,,,0.0,1.0,0.0,1.0,0.0,1.0,
319,1206.0,0.0,0.0,0.0,0.0,0.0,0.0,0.0,0.0,1.0,0.0,,,,,,,0.0,1.0,0.0,1.0,0.0,1.0,
41,338.0,0.0,0.0,0.0,0.0,0.0,0.0,0.0,0.0,1.0,0.0,,,,,,,0.0,1.0,0.0,1.0,0.0,1.0,
359,2454.0,0.0,0.0,0.0,0.0,0.0,0.0,0.0,0.0,1.0,0.0,,,,,,,0.0,1.0,0.0,1.0,0.0,1.0,
894,700.0,0.0,0.0,0.0,0.0,0.0,0.0,0.0,0.0,1.0,0.0,,,,,,,0.0,1.0,0.0,1.0,0.0,1.0,
75,1541.0,0.0,0.0,0.0,0.0,0.0,0.0,0.0,0.0,1.0,0.0,,,,,,,0.0,1.0,0.0,1.0,0.0,1.0,
353,217.0,0.0,0.0,0.0,0.0,0.0,0.0,0.0,0.0,1.0,0.0,,,,,,,0.0,1.0,0.0,1.0,0.0,1.0,
437,2607.0,0.0,0.0,0.0,0.0,0.0,0.0,0.0,0.0,1.0,0.0,,,,,,,0.0,1.0,0.0,1.0,0.0,1.0,
789,1269.0,0.0,0.0,0.0,0.0,0.0,0.0,0.0,0.0,1.0,0.0,,,,,,,0.0,1.0,0.0,1.0,0.0,1.0,
556,353.0,0.0,0.0,0.0,0.0,0.0,0.0,0.0,0.0,1.0,0.0,,,,,,,0.0,1.0,0.0,1.0,0.0,1.0,
902,1382.0,0.0,0.0,0.0,0.0,0.0,0.0,0.0,0.0,1.0,0.0,,,,,,,0.0,1.0,0.0,1.0,0.0,1.0,
409,193.0,0.0,0.0,0.0,0.0,0.0,0.0,0.0,0.0,1.0,0.0,,,,,,,0.0,1.0,0.0,1.0,0.0,1.0,
63,2023.0,0.0,0.0,0.0,0.0,0.0,0.0,0.0,0.0,1.0,0.0,,,,,,,0.0,1.0,0.0,1.0,0.0,1.0,
606,2848.0,0.0,0.0,0.0,0.0,0.0,0.0,0.0,0.0,1.0,0.0,,,,,,,0.0,1.0,0.0,1.0,0.0,1.0,
631,473.0,0.0,0.0,0.0,0.0,0.0,0.0,0.0,0.0,1.0,0.0,,,,,,,0.0,1.0,0.0,1.0,0.0,1.0,
927,253.0,0.0,0.0,0.0,0.0,0.0,0.0,0.0,0.0,1.0,0.0,,,,,,,0.0,1.0,0.0,1.0,0.0,1.0,
716,1233.0,0.0,0.0,0.0,0.0,0.0,0.0,0.0,0.0,1.0,0.0,,,,,,,0.0,1.0,0.0,1.0,0.0,1.0,
526,245.0,0.0,0.0,0.0,0.0,0.0,0.0,0.0,0.0,1.0,0.0,,,,,,,0.0,1.0,0.0,1.0,0.0,1.0,
227,522.0,0.0,0.0,0.0,0.0,0.0,0.0,0.0,0.0,1.0,0.0,,,,,,,0.0,1.0,0.0,1.0,0.0,1.0,
676,933.0,0.0,0.0,0.0,0.0,0.0,0.0,0.0,0.0,1.0,0.0,,,,,,,0.0,1.0,0.0,1.0,0.0,1.0,
818,1734.0,0.0,0.0,0.0,0.0,0.0,0.0,0.0,0.0,1.0,0.0,,,,,,,0.0,1.0,0.0,1.0,0.0,1.0,
67,2529.0,0.0,0.0,0.0,0.0,0.0,0.0,0.0,0.0,1.0,0.0,,,,,,,0.0,1.0,0.0,1.0,0.0,1.0,
336,210.0,0.0,0.0,0.0,0.0,0.0,0.0,0.0,0.0,1.0,0.0,,,,,,,0.0,1.0,0.0,1.0,0.0,1.0,
744,1538.0,0.0,0.0,0.0,0.0,0.0,0.0,0.0,0.0,1.0,0.0,,,,,,,0.0,1.0,0.0,1.0,0.0,1.0,
691,2454.0,0.0,0.0,0.0,0.0,0.0,0.0,0.0,0.0,1.0,0.0,,,,,,,0.0,1.0,0.0,1.0,0.0,1.0,
223,1404.0,0.0,0.0,0.0,0.0,0.0,0.0,0.0,0.0,1.0,0.0,,,,,,,0.0,1.0,0.0,1.0,0.0,1.0,
563,1031.0,0.0,0.0,0.0,0.0,0.0,0.0,0.0,0.0,1.0,0.0,,,,,,,0.0,1.0,0.0,1.0,0.0,1.0,
397,2130.0,0.0,0.0,0.0,0.0,0.0,0.0,0.0,0.0,1.0,0.0,,,,,,,0.0,1.0,0.0,1.0,0.0,1.0,
470,1646.0,0.0,0.0,0.0,0.0,0.0,0.0,0.0,0.0,1.0,0.0,,,,,,,0.0,1.0,0.0,1.0,0.0,1.0,
1009,311.0,0.0,0.0,0.0,0.0,0.0,0.0,0.0,0.0,1.0,0.0,,,,,,,0.0,1.0,0.0,1.0,0.0,1.0,
362,2974.0,0.0,0.0,0.0,0.0,0.0,0.0,0.0,0.0,1.0,0.0,,,,,,,0.0,1.0,0.0,1.0,0.0,1.0,
264,754.0,0.0,0.0,0.0,0.0,0.0,0.0,0.0,0.0,1.0,0.0,,,,,,,0.0,1.0,0.0,1.0,0.0,1.0,
1008,1729.0,0.0,0.0,0.0,0.0,0.0,0.0,0.0,0.0,1.0,0.0,,,,,,,0.0,1.0,0.0,1.0,0.0,1.0,
498,737.0,0.0,0.0,0.0,0.0,0.0,0.0,0.0,0.0,1.0,0.0,,,,,,,0.0,1.0,0.0,1.0,0.0,1.0,
608,1018.0,0.0,0.0,0.0,0.0,0.0,0.0,0.0,0.0,1.0,0.0,,,,,,,0.0,1.0,0.0,1.0,0.0,1.0,
463,2741.0,0.0,0.0,0.0,0.0,0.0,0.0,0.0,0.0,1.0,0.0,,,,,,,0.0,1.0,0.0,1.0,0.0,1.0,
793,309.0,0.0,0.0,0.0,0.0,0.0,0.0,0.0,0.0,1.0,0.0,,,,,,,0.0,1.0,0.0,1.0,0.0,1.0,
855,682.0,0.0,0.0,0.0,0.0,0.0,0.0,0.0,0.0,1.0,0.0,,,,,,,0.0,1.0,0.0,1.0,0.0,1.0,
597,2537.0,0.0,0.0,0.0,0.0,0.0,0.0,0.0,0.0,1.0,0.0,,,,,,,0.0,1.0,0.0,1.0,0.0,1.0,
768,482.0,0.0,0.0,0.0,0.0,0.0,0.0,0.0,0.0,1.0,0.0,,,,,,,0.0,1.0,0.0,1.0,0.0,1.0,
886,2275.0,0.0,0.0,0.0,0.0,0.0,0.0,0.0,0.0,1.0,0.0,,,,,,,0.0,1.0,0.0,1.0,0.0,1.0,
263,1780.0,0.0,0.0,0.0,0.0,0.0,0.0,0.0,0.0,1.0,0.0,,,,,,,0.0,1.0,0.0,1.0,0.0,1.0,
329,1959.0,0.0,0.0,0.0,0.0,0.0,0.0,0.0,0.0,1.0,0.0,,,,,,,0.0,1.0,0.0,1.0,0.0,1.0,
284,204.0,0.0,0.0,0.0,0.0,0.0,0.0,0.0,0.0,1.0,0.0,,,,,,,0.0,1.0,0.0,1.0,0.0,1.0,
37,2326.0,0.0,0.0,0.0,0.0,0.0,0.0,0.0,0.0,1.0,0.0,,,,,,,0.0,1.0,0.0,1.0,0.0,1.0,
588,362.0,0.0,0.0,0.0,0.0,0.0,0.0,0.0,0.0,1.0,0.0,,,,,,,0.0,1.0,0.0,1.0,0.0,1.0,
21,1141.0,0.0,0.0,0.0,0.0,0.0,0.0,0.0,0.0,1.0,0.0,,,,,,,0.0,1.0,0.0,1.0,0.0,1.0,
646,2568.0,0.0,0.0,0.0,0.0,0.0,0.0,0.0,0.0,1.0,0.0,,,,,,,0.0,1.0,0.0,1.0,0.0,1.0,
59,672.0,0.0,0.0,0.0,0.0,0.0,0.0,0.0,0.0,1.0,0.0,,,,,,,0.0,1.0,0.0,1.0,0.0,1.0,
662,576.0,0.0,0.0,0.0,0.0,0.0,0.0,0.0,0.0,1.0,0.0,,,,,,,0.0,1.0,0.0,1.0,0.0,1.0,
195,633.0,0.0,0.0,0.0,0.0,0.0,0.0,0.0,0.0,1.0,0.0,,,,,,,0.0,1.0,0.0,1.0,0.0,1.0,
585,535.0,0.0,0.0,0.0,0.0,0.0,0.0,0.0,0.0,1.0,0.0,,,,,,,0.0,1.0,0.0,1.0,0.0,1.0,
932,409.0,0.0,0.0,0.0,0.0,0.0,0.0,0.0,0.0,1.0,0.0,,,,,,,0.0,1.0,0.0,1.0,0.0,1.0,
633,1677.0,0.0,0.0,0.0,0.0,0.0,0.0,0.0,0.0,1.0,0.0,,,,,,,0.0,1.0,0.0,1.0,0.0,1.0,
508,1229.0,0.0,0.0,0.0,0.0,0.0,0.0,0.0,0.0,1.0,0.0,,,,,,,0.0,1.0,0.0,1.0,0.0,1.0,
301,408.0,0.0,0.0,0.0,0.0,0.0,0.0,0.0,0.0,1.0,0.0,,,,,,,0.0,1.0,0.0,1.0,0.0,1.0,
287,524.0,0.0,0.0,0.0,0.0,0.0,0.0,0.0,0.0,1.0,0.0,,,,,,,0.0,1.0,0.0,1.0,0.0,1.0,
583,2702.0,0.0,0.0,0.0,0.0,0.0,0.0,0.0,0.0,1.0,0.0,,,,,,,0.0,1.0,0.0,1.0,0.0,1.0,
924,447.0,0.0,0.0,0.0,0.0,0.0,0.0,0.0,0.0,1.0,0.0,,,,,,,0.0,1.0,0.0,1.0,0.0,1.0,
206,316.0,0.0,0.0,0.0,0.0,0.0,0.0,0.0,0.0,1.0,0.0,,,,,,,0.0,1.0,0.0,1.0,0.0,1.0,
637,387.0,0.0,0.0,0.0,0.0,0.0,0.0,0.0,0.0,1.0,0.0,,,,,,,0.0,1.0,0.0,1.0,0.0,1.0,
961,558.0,0.0,0.0,0.0,0.0,0.0,0.0,0.0,0.0,1.0,0.0,,,,,,,0.0,1.0,0.0,1.0,0.0,1.0,
501,638.0,0.0,0.0,0.0,0.0,0.0,0.0,0.0,0.0,1.0,0.0,,,,,,,0.0,1.0,0.0,1.0,0.0,1.0,
860,1512.0,0.0,0.0,0.0,0.0,0.0,0.0,0.0,0.0,1.0,0.0,,,,,,,0.0,1.0,0.0,1.0,0.0,1.0,
53,2991.0,0.0,0.0,0.0,0.0,0.0,0.0,0.0,0.0,1.0,0.0,,,,,,,0.0,1.0,0.0,1.0,0.0,1.0,
221,716.0,0.0,0.0,0.0,0.0,0.0,0.0,0.0,0.0,1.0,0.0,,,,,,,0.0,1.0,0.0,1.0,0.0,1.0,
704,1591.0,0.0,0.0,0.0,0.0,0.0,0.0,0.0,0.0,1.0,0.0,,,,,,,0.0,1.0,0.0,1.0,0.0,1.0,
837,2059.0,0.0,0.0,0.0,0.0,0.0,0.0,0.0,0.0,1.0,0.0,,,,,,,0.0,1.0,0.0,1.0,0.0,1.0,
559,871.0,0.0,0.0,0.0,0.0,0.0,0.0,0.0,0.0,1.0,0.0,,,,,,,0.0,1.0,0.0,1.0,0.0,1.0,
308,2091.0,0.0,0.0,0.0,0.0,0.0,0.0,0.0,0.0,1.0,0.0,,,,,,,0.0,1.0,0.0,1.0,0.0,1.0,
186,1691.0,0.0,0.0,0.0,0.0,0.0,0.0,0.0,0.0,1.0,0.0,,,,,,,0.0,1.0,0.0,1.0,0.0,1.0,
176,608.0,0.0,0.0,0.0,0.0,0.0,0.0,0.0,0.0,1.0,0.0,,,,,,,0.0,1.0,0.0,1.0,0.0,1.0,
273,1020.0,0.0,0.0,0.0,0.0,0.0,0.0,0.0,0.0,1.0,0.0,,,,,,,0.0,1.0,0.0,1.0,0.0,1.0,
534,2263.0,0.0,0.0,0.0,0.0,0.0,0.0,0.0,0.0,1.0,0.0,,,,,,,0.0,1.0,0.0,1.0,0.0,1.0,
62,448.0,0.0,0.0,0.0,0.0,0.0,0.0,0.0,0.0,1.0,0.0,,,,,,,0.0,1.0,0.0,1.0,0.0,1.0,
255,629.0,0.0,0.0,0.0,0.0,0.0,0.0,0.0,0.0,1.0,0.0,,,,,,,0.0,1.0,0.0,1.0,0.0,1.0,
529,1695.0,0.0,0.0,0.0,0.0,0.0,0.0,0.0,0.0,1.0,0.0,,,,,,,0.0,1.0,0.0,1.0,0.0,1.0,
714,792.0,0.0,0.0,0.0,0.0,0.0,0.0,0.0,0.0,1.0,0.0,,,,,,,0.0,1.0,0.0,1.0,0.0,1.0,
350,1573.0,0.0,0.0,0.0,0.0,0.0,0.0,0.0,0.0,1.0,0.0,,,,,,,0.0,1.0,0.0,1.0,0.0,1.0,
303,579.0,0.0,0.0,0.0,0.0,0.0,0.0,0.0,0.0,1.0,0.0,,,,,,,0.0,1.0,0.0,1.0,0.0,1.0,
949,706.0,0.0,0.0,0.0,0.0,0.0,0.0,0.0,0.0,1.0,0.0,,,,,,,0.0,1.0,0.0,1.0,0.0,1.0,
26,1101.0,0.0,0.0,0.0,0.0,0.0,0.0,0.0,0.0,1.0,0.0,,,,,,,0.0,1.0,0.0,1.0,0.0,1.0,
462,2969.0,0.0,0.0,0.0,0.0,0.0,0.0,0.0,0.0,1.0,0.0,,,,,,,0.0,1.0,0.0,1.0,0.0,1.0,
249,1286.0,0.0,0.0,0.0,0.0,0.0,0.0,0.0,0.0,1.0,0.0,,,,,,,0.0,1.0,0.0,1.0,0.0,1.0,
915,397.0,0.0,0.0,0.0,0.0,0.0,0.0,0.0,0.0,1.0,0.0,,,,,,,0.0,1.0,0.0,1.0,0.0,1.0,
682,832.0,0.0,0.0,0.0,0.0,0.0,0.0,0.0,0.0,1.0,0.0,,,,,,,0.0,1.0,0.0,1.0,0.0,1.0,
743,792.0,0.0,0.0,0.0,0.0,0.0,0.0,0.0,0.0,1.0,0.0,,,,,,,0.0,1.0,0.0,1.0,0.0,1.0,
426,325.0,0.0,0.0,0.0,0.0,0.0,0.0,0.0,0.0,1.0,0.0,,,,,,,0.0,1.0,0.0,1.0,0.0,1.0,
745,832.0,0.0,0.0,0.0,0.0,0.0,0.0,0.0,0.0,1.0,0.0,,,,,,,0.0,1.0,0.0,1.0,0.0,1.0,
244,559.0,0.0,0.0,0.0,0.0,0.0,0.0,0.0,0.0,1.0,0.0,,,,,,,0.0,1.0,0.0,1.0,0.0,1.0,
313,2217.0,0.0,0.0,0.0,0.0,0.0,0.0,0.0,0.0,1.0,0.0,,,,,,,0.0,1.0,0.0,1.0,0.0,1.0,
575,1362.0,0.0,0.0,0.0,0.0,0.0,0.0,0.0,0.0,1.0,0.0,,,,,,,0.0,1.0,0.0,1.0,0.0,1.0,
690,603.0,0.0,0.0,0.0,0.0,0.0,0.0,0.0,0.0,1.0,0.0,,,,,,,0.0,1.0,0.0,1.0,0.0,1.0,
814,874.0,0.0,0.0,0.0,0.0,0.0,0.0,0.0,0.0,1.0,0.0,,,,,,,0.0,1.0,0.0,1.0,0.0,1.0,
1001,1876.0,0.0,0.0,0.0,0.0,0.0,0.0,0.0,0.0,1.0,0.0,,,,,,,0.0,1.0,0.0,1.0,0.0,1.0,
68,232.0,0.0,0.0,0.0,0.0,0.0,0.0,0.0,0.0,1.0,0.0,,,,,,,0.0,1.0,0.0,1.0,0.0,1.0,
947,466.0,0.0,0.0,0.0,0.0,0.0,0.0,0.0,0.0,1.0,0.0,,,,,,,0.0,1.0,0.0,1.0,0.0,1.0,
478,1574.0,0.0,0.0,0.0,0.0,0.0,0.0,0.0,0.0,1.0,0.0,,,,,,,0.0,1.0,0.0,1.0,0.0,1.0,
496,895.0,0.0,0.0,0.0,0.0,0.0,0.0,0.0,0.0,1.0,0.0,,,,,,,0.0,1.0,0.0,1.0,0.0,1.0,
964,975.0,0.0,0.0,0.0,0.0,0.0,0.0,0.0,0.0,1.0,0.0,,,,,,,0.0,1.0,0.0,1.0,0.0,1.0,
328,1090.0,0.0,0.0,0.0,0.0,0.0,0.0,0.0,0.0,1.0,0.0,,,,,,,0.0,1.0,0.0,1.0,0.0,1.0,
945,1498.0,0.0,0.0,0.0,0.0,0.0,0.0,0.0,0.0,1.0,0.0,,,,,,,0.0,1.0,0.0,1.0,0.0,1.0,
533,2483.0,0.0,0.0,0.0,0.0,0.0,0.0,0.0,0.0,1.0,0.0,,,,,,,0.0,1.0,0.0,1.0,0.0,1.0,
931,2033.0,0.0,0.0,0.0,0.0,0.0,0.0,0.0,0.0,1.0,0.0,,,,,,,0.0,1.0,0.0,1.0,0.0,1.0,
853,656.0,0.0,0.0,0.0,0.0,0.0,0.0,0.0,0.0,1.0,0.0,,,,,,,0.0,1.0,0.0,1.0,0.0,1.0,
970,1018.0,0.0,0.0,0.0,0.0,0.0,0.0,0.0,0.0,1.0,0.0,,,,,,,0.0,1.0,0.0,1.0,0.0,1.0,
921,2049.0,0.0,0.0,0.0,0.0,0.0,0.0,0.0,0.0,1.0,0.0,,,,,,,0.0,1.0,0.0,1.0,0.0,1.0,
337,1348.0,0.0,0.0,0.0,0.0,0.0,0.0,0.0,0.0,1.0,0.0,,,,,,,0.0,1.0,0.0,1.0,0.0,1.0,
899,746.0,0.0,0.0,0.0,0.0,0.0,0.0,0.0,0.0,1.0,0.0,,,,,,,0.0,1.0,0.0,1.0,0.0,1.0,
535,1313.0,0.0,0.0,0.0,0.0,0.0,0.0,0.0,0.0,1.0,0.0,,,,,,,0.0,1.0,0.0,1.0,0.0,1.0,
713,1081.0,0.0,0.0,0.0,0.0,0.0,0.0,0.0,0.0,1.0,0.0,,,,,,,0.0,1.0,0.0,1.0,0.0,1.0,
315,1853.0,0.0,0.0,0.0,0.0,0.0,0.0,0.0,0.0,1.0,0.0,,,,,,,0.0,1.0,0.0,1.0,0.0,1.0,
617,776.0,0.0,0.0,0.0,0.0,0.0,0.0,0.0,0.0,1.0,0.0,,,,,,,0.0,1.0,0.0,1.0,0.0,1.0,
351,727.0,0.0,0.0,0.0,0.0,0.0,0.0,0.0,0.0,1.0,0.0,,,,,,,0.0,1.0,0.0,1.0,0.0,1.0,
659,1372.0,0.0,0.0,0.0,0.0,0.0,0.0,0.0,0.0,1.0,0.0,,,,,,,0.0,1.0,0.0,1.0,0.0,1.0,
422,1414.0,0.0,0.0,0.0,0.0,0.0,0.0,0.0,0.0,1.0,0.0,,,,,,,0.0,1.0,0.0,1.0,0.0,1.0,
155,348.0,0.0,0.0,0.0,0.0,0.0,0.0,0.0,0.0,1.0,0.0,,,,,,,0.0,1.0,0.0,1.0,0.0,1.0,
898,254.0,0.0,0.0,0.0,0.0,0.0,0.0,0.0,0.0,1.0,0.0,,,,,,,0.0,1.0,0.0,1.0,0.0,1.0,
185,1967.0,0.0,0.0,0.0,0.0,0.0,0.0,0.0,0.0,1.0,0.0,,,,,,,0.0,1.0,0.0,1.0,0.0,1.0,
605,647.0,0.0,0.0,0.0,0.0,0.0,0.0,0.0,0.0,1.0,0.0,,,,,,,0.0,1.0,0.0,1.0,0.0,1.0,
623,266.0,0.0,0.0,0.0,0.0,0.0,0.0,0.0,0.0,1.0,0.0,,,,,,,0.0,1.0,0.0,1.0,0.0,1.0,
481,1426.0,0.0,0.0,0.0,0.0,0.0,0.0,0.0,0.0,1.0,0.0,,,,,,,0.0,1.0,0.0,1.0,0.0,1.0,
100,1119.0,0.0,0.0,0.0,0.0,0.0,0.0,0.0,0.0,1.0,0.0,,,,,,,0.0,1.0,0.0,1.0,0.0,1.0,
94,1549.0,0.0,0.0,0.0,0.0,0.0,0.0,0.0,0.0,1.0,0.0,,,,,,,0.0,1.0,0.0,1.0,0.0,1.0,
730,1406.0,0.0,0.0,0.0,0.0,0.0,0.0,0.0,0.0,1.0,0.0,,,,,,,0.0,1.0,0.0,1.0,0.0,1.0,
528,1382.0,0.0,0.0,0.0,0.0,0.0,0.0,0.0,0.0,1.0,0.0,,,,,,,0.0,1.0,0.0,1.0,0.0,1.0,
987,1308.0,0.0,0.0,0.0,0.0,0.0,0.0,0.0,0.0,1.0,0.0,,,,,,,0.0,1.0,0.0,1.0,0.0,1.0,
701,570.0,0.0,0.0,0.0,0.0,0.0,0.0,0.0,0.0,1.0,0.0,,,,,,,0.0,1.0,0.0,1.0,0.0,1.0,
310,1460.0,0.0,0.0,0.0,0.0,0.0,0.0,0.0,0.0,1.0,0.0,,,,,,,0.0,1.0,0.0,1.0,0.0,1.0,
166,666.0,0.0,0.0,0.0,0.0,0.0,0.0,0.0,0.0,1.0,0.0,,,,,,,0.0,1.0,0.0,1.0,0.0,1.0,
615,1014.0,0.0,0.0,0.0,0.0,0.0,0.0,0.0,0.0,1.0,0.0,,,,,,,0.0,1.0,0.0,1.0,0.0,1.0,
684,1872.0,0.0,0.0,0.0,0.0,0.0,0.0,0.0,0.0,1.0,0.0,,,,,,,0.0,1.0,0.0,1.0,0.0,1.0,
572,599.0,0.0,0.0,0.0,0.0,0.0,0.0,0.0,0.0,1.0,0.0,,,,,,,0.0,1.0,0.0,1.0,0.0,1.0,
540,788.0,0.0,0.0,0.0,0.0,0.0,0.0,0.0,0.0,1.0,0.0,,,,,,,0.0,1.0,0.0,1.0,0.0,1.0,
367,755.0,0.0,0.0,0.0,0.0,0.0,0.0,0.0,0.0,1.0,0.0,,,,,,,0.0,1.0,0.0,1.0,0.0,1.0,
835,723.0,0.0,0.0,0.0,0.0,0.0,0.0,0.0,0.0,1.0,0.0,,,,,,,0.0,1.0,0.0,1.0,0.0,1.0,
381,1803.0,0.0,0.0,0.0,0.0,0.0,0.0,0.0,0.0,1.0,0.0,,,,,,,0.0,1.0,0.0,1.0,0.0,1.0,
848,740.0,0.0,0.0,0.0,0.0,0.0,0.0,0.0,0.0,1.0,0.0,,,,,,,0.0,1.0,0.0,1.0,0.0,1.0,
1035,2598.0,0.0,0.0,0.0,0.0,0.0,0.0,0.0,0.0,1.0,0.0,,,,,,,0.0,1.0,0.0,1.0,0.0,1.0,
642,303.0,0.0,0.0,0.0,0.0,0.0,0.0,0.0,0.0,1.0,0.0,,,,,,,0.0,1.0,0.0,1.0,0.0,1.0,
499,985.0,0.0,0.0,0.0,0.0,0.0,0.0,0.0,0.0,1.0,0.0,,,,,,,0.0,1.0,0.0,1.0,0.0,1.0,
449,1033.0,0.0,0.0,0.0,0.0,0.0,0.0,0.0,0.0,1.0,0.0,,,,,,,0.0,1.0,0.0,1.0,0.0,1.0,
314,351.0,0.0,0.0,0.0,0.0,0.0,0.0,0.0,0.0,1.0,0.0,,,,,,,0.0,1.0,0.0,1.0,0.0,1.0,
750,2481.0,0.0,0.0,0.0,0.0,0.0,0.0,0.0,0.0,1.0,0.0,,,,,,,0.0,1.0,0.0,1.0,0.0,1.0,
777,1392.0,0.0,0.0,0.0,0.0,0.0,0.0,0.0,0.0,1.0,0.0,,,,,,,0.0,1.0,0.0,1.0,0.0,1.0,
191,1033.0,0.0,0.0,0.0,0.0,0.0,0.0,0.0,0.0,1.0,0.0,,,,,,,0.0,1.0,0.0,1.0,0.0,1.0,
54,396.0,0.0,0.0,0.0,0.0,0.0,0.0,0.0,0.0,1.0,0.0,,,,,,,0.0,1.0,0.0,1.0,0.0,1.0,
17,550.0,0.0,0.0,0.0,0.0,0.0,0.0,0.0,0.0,1.0,0.0,,,,,,,0.0,1.0,0.0,1.0,0.0,1.0,
883,2274.0,0.0,0.0,0.0,0.0,0.0,0.0,0.0,0.0,1.0,0.0,,,,,,,0.0,1.0,0.0,1.0,0.0,1.0,
289,1006.0,0.0,0.0,0.0,0.0,0.0,0.0,0.0,0.0,1.0,0.0,,,,,,,0.0,1.0,0.0,1.0,0.0,1.0,
971,1793.0,0.0,0.0,0.0,0.0,0.0,0.0,0.0,0.0,1.0,0.0,,,,,,,0.0,1.0,0.0,1.0,0.0,1.0,
510,2668.0,0.0,0.0,0.0,0.0,0.0,0.0,0.0,0.0,1.0,0.0,,,,,,,0.0,1.0,0.0,1.0,0.0,1.0,
20,3027.0,0.0,0.0,0.0,0.0,0.0,0.0,0.0,0.0,1.0,0.0,,,,,,,0.0,1.0,0.0,1.0,0.0,1.0,
258,1477.0,0.0,0.0,0.0,0.0,0.0,0.0,0.0,0.0,1.0,0.0,,,,,,,0.0,1.0,0.0,1.0,0.0,1.0,
879,371.0,0.0,0.0,0.0,0.0,0.0,0.0,0.0,0.0,1.0,0.0,,,,,,,0.0,1.0,0.0,1.0,0.0,1.0,
379,450.0,0.0,0.0,0.0,0.0,0.0,0.0,0.0,0.0,1.0,0.0,,,,,,,0.0,1.0,0.0,1.0,0.0,1.0,
733,1395.0,0.0,0.0,0.0,0.0,0.0,0.0,0.0,0.0,1.0,0.0,,,,,,,0.0,1.0,0.0,1.0,0.0,1.0,
854,922.0,0.0,0.0,0.0,0.0,0.0,0.0,0.0,0.0,1.0,0.0,,,,,,,0.0,1.0,0.0,1.0,0.0,1.0,
414,758.0,0.0,0.0,0.0,0.0,0.0,0.0,0.0,0.0,1.0,0.0,,,,,,,0.0,1.0,0.0,1.0,0.0,1.0,
847,870.0,0.0,0.0,0.0,0.0,0.0,0.0,0.0,0.0,1.0,0.0,,,,,,,0.0,1.0,0.0,1.0,0.0,1.0,
60,1022.0,0.0,0.0,0.0,0.0,0.0,0.0,0.0,0.0,1.0,0.0,,,,,,,0.0,1.0,0.0,1.0,0.0,1.0,
226,417.0,0.0,0.0,0.0,0.0,0.0,0.0,0.0,0.0,1.0,0.0,,,,,,,0.0,1.0,0.0,1.0,0.0,1.0,
446,711.0,0.0,0.0,0.0,0.0,0.0,0.0,0.0,0.0,1.0,0.0,,,,,,,0.0,1.0,0.0,1.0,0.0,1.0,
1037,321.0,0.0,0.0,0.0,0.0,0.0,0.0,0.0,0.0,1.0,0.0,,,,,,,0.0,1.0,0.0,1.0,0.0,1.0,
306,912.0,0.0,0.0,0.0,0.0,0.0,0.0,0.0,0.0,1.0,0.0,,,,,,,0.0,1.0,0.0,1.0,0.0,1.0,
967,1319.0,0.0,0.0,0.0,0.0,0.0,0.0,0.0,0.0,1.0,0.0,,,,,,,0.0,1.0,0.0,1.0,0.0,1.0,
138,929.0,0.0,0.0,0.0,0.0,0.0,0.0,0.0,0.0,1.0,0.0,,,,,,,0.0,1.0,0.0,1.0,0.0,1.0,
596,405.0,0.0,0.0,0.0,0.0,0.0,0.0,0.0,0.0,1.0,0.0,,,,,,,0.0,1.0,0.0,1.0,0.0,1.0,
803,514.0,0.0,0.0,0.0,0.0,0.0,0.0,0.0,0.0,1.0,0.0,,,,,,,0.0,1.0,0.0,1.0,0.0,1.0,
80,797.0,0.0,0.0,0.0,0.0,0.0,0.0,0.0,0.0,1.0,0.0,,,,,,,0.0,1.0,0.0,1.0,0.0,1.0,
712,817.0,0.0,0.0,0.0,0.0,0.0,0.0,0.0,0.0,1.0,0.0,,,,,,,0.0,1.0,0.0,1.0,0.0,1.0,
619,1030.0,0.0,0.0,0.0,0.0,0.0,0.0,0.0,0.0,1.0,0.0,,,,,,,0.0,1.0,0.0,1.0,0.0,1.0,
851,649.0,0.0,0.0,0.0,0.0,0.0,0.0,0.0,0.0,1.0,0.0,,,,,,,0.0,1.0,0.0,1.0,0.0,1.0,
160,887.0,0.0,0.0,0.0,0.0,0.0,0.0,0.0,0.0,1.0,0.0,,,,,,,0.0,1.0,0.0,1.0,0.0,1.0,
989,1984.0,0.0,0.0,0.0,0.0,0.0,0.0,0.0,0.0,1.0,0.0,,,,,,,0.0,1.0,0.0,1.0,0.0,1.0,
179,1897.0,0.0,0.0,0.0,0.0,0.0,0.0,0.0,0.0,1.0,0.0,,,,,,,0.0,1.0,0.0,1.0,0.0,1.0,
1006,581.0,0.0,0.0,0.0,0.0,0.0,0.0,0.0,0.0,1.0,0.0,,,,,,,0.0,1.0,0.0,1.0,0.0,1.0,
456,2399.0,0.0,0.0,0.0,0.0,0.0,0.0,0.0,0.0,1.0,0.0,,,,,,,0.0,1.0,0.0,1.0,0.0,1.0,
706,2133.0,0.0,0.0,0.0,0.0,0.0,0.0,0.0,0.0,1.0,0.0,,,,,,,0.0,1.0,0.0,1.0,0.0,1.0,
762,844.0,0.0,0.0,0.0,0.0,0.0,0.0,0.0,0.0,1.0,0.0,,,,,,,0.0,1.0,0.0,1.0,0.0,1.0,
852,1290.0,0.0,0.0,0.0,0.0,0.0,0.0,0.0,0.0,1.0,0.0,,,,,,,0.0,1.0,0.0,1.0,0.0,1.0,
657,674.0,0.0,0.0,0.0,0.0,0.0,0.0,0.0,0.0,1.0,0.0,,,,,,,0.0,1.0,0.0,1.0,0.0,1.0,
104,1111.0,0.0,0.0,0.0,0.0,0.0,0.0,0.0,0.0,1.0,0.0,,,,,,,0.0,1.0,0.0,1.0,0.0,1.0,
460,1481.0,0.0,0.0,0.0,0.0,0.0,0.0,0.0,0.0,1.0,0.0,,,,,,,0.0,1.0,0.0,1.0,0.0,1.0,
342,2303.0,0.0,0.0,0.0,0.0,0.0,0.0,0.0,0.0,1.0,0.0,,,,,,,0.0,1.0,0.0,1.0,0.0,1.0,
784,515.0,0.0,0.0,0.0,0.0,0.0,0.0,0.0,0.0,1.0,0.0,,,,,,,0.0,1.0,0.0,1.0,0.0,1.0,
990,1126.0,0.0,0.0,0.0,0.0,0.0,0.0,0.0,0.0,1.0,0.0,,,,,,,0.0,1.0,0.0,1.0,0.0,1.0,
936,380.0,0.0,0.0,0.0,0.0,0.0,0.0,0.0,0.0,1.0,0.0,,,,,,,0.0,1.0,0.0,1.0,0.0,1.0,
148,2134.0,0.0,0.0,0.0,0.0,0.0,0.0,0.0,0.0,1.0,0.0,,,,,,,0.0,1.0,0.0,1.0,0.0,1.0,
938,1827.0,0.0,0.0,0.0,0.0,0.0,0.0,0.0,0.0,1.0,0.0,,,,,,,0.0,1.0,0.0,1.0,0.0,1.0,
647,1841.0,0.0,0.0,0.0,0.0,0.0,0.0,0.0,0.0,1.0,0.0,,,,,,,0.0,1.0,0.0,1.0,0.0,1.0,
393,428.0,0.0,0.0,0.0,0.0,0.0,0.0,0.0,0.0,1.0,0.0,,,,,,,0.0,1.0,0.0,1.0,0.0,1.0,
72,2257.0,0.0,0.0,0.0,0.0,0.0,0.0,0.0,0.0,1.0,0.0,,,,,,,0.0,1.0,0.0,1.0,0.0,1.0,
781,2444.0,0.0,0.0,0.0,0.0,0.0,0.0,0.0,0.0,1.0,0.0,,,,,,,0.0,1.0,0.0,1.0,0.0,1.0,
591,1313.0,0.0,0.0,0.0,0.0,0.0,0.0,0.0,0.0,1.0,0.0,,,,,,,0.0,1.0,0.0,1.0,0.0,1.0,
225,435.0,0.0,0.0,0.0,0.0,0.0,0.0,0.0,0.0,1.0,0.0,,,,,,,0.0,1.0,0.0,1.0,0.0,1.0,
293,1310.0,0.0,0.0,0.0,0.0,0.0,0.0,0.0,0.0,1.0,0.0,,,,,,,0.0,1.0,0.0,1.0,0.0,1.0,
955,1221.0,0.0,0.0,0.0,0.0,0.0,0.0,0.0,0.0,1.0,0.0,,,,,,,0.0,1.0,0.0,1.0,0.0,1.0,
276,2592.0,0.0,0.0,0.0,0.0,0.0,0.0,0.0,0.0,1.0,0.0,,,,,,,0.0,1.0,0.0,1.0,0.0,1.0,
889,428.0,0.0,0.0,0.0,0.0,0.0,0.0,0.0,0.0,1.0,0.0,,,,,,,0.0,1.0,0.0,1.0,0.0,1.0,
603,1797.0,0.0,0.0,0.0,0.0,0.0,0.0,0.0,0.0,1.0,0.0,,,,,,,0.0,1.0,0.0,1.0,0.0,1.0,
432,1545.0,0.0,0.0,0.0,0.0,0.0,0.0,0.0,0.0,1.0,0.0,,,,,,,0.0,1.0,0.0,1.0,0.0,1.0,
175,343.0,0.0,0.0,0.0,0.0,0.0,0.0,0.0,0.0,1.0,0.0,,,,,,,0.0,1.0,0.0,1.0,0.0,1.0,
813,825.0,0.0,0.0,0.0,0.0,0.0,0.0,0.0,0.0,1.0,0.0,,,,,,,0.0,1.0,0.0,1.0,0.0,1.0,
415,2042.0,0.0,0.0,0.0,0.0,0.0,0.0,0.0,0.0,1.0,0.0,,,,,,,0.0,1.0,0.0,1.0,0.0,1.0,
39,549.0,0.0,0.0,0.0,0.0,0.0,0.0,0.0,0.0,1.0,0.0,,,,,,,0.0,1.0,0.0,1.0,0.0,1.0,
876,960.0,0.0,0.0,0.0,0.0,0.0,0.0,0.0,0.0,1.0,0.0,,,,,,,0.0,1.0,0.0,1.0,0.0,1.0,
919,533.0,0.0,0.0,0.0,0.0,0.0,0.0,0.0,0.0,1.0,0.0,,,,,,,0.0,1.0,0.0,1.0,0.0,1.0,
347,498.0,0.0,0.0,0.0,0.0,0.0,0.0,0.0,0.0,1.0,0.0,,,,,,,0.0,1.0,0.0,1.0,0.0,1.0,
589,1750.0,0.0,0.0,0.0,0.0,0.0,0.0,0.0,0.0,1.0,0.0,,,,,,,0.0,1.0,0.0,1.0,0.0,1.0,
297,1470.0,0.0,0.0,0.0,0.0,0.0,0.0,0.0,0.0,1.0,0.0,,,,,,,0.0,1.0,0.0,1.0,0.0,1.0,
997,2990.0,0.0,0.0,0.0,0.0,0.0,0.0,0.0,0.0,1.0,0.0,,,,,,,0.0,1.0,0.0,1.0,0.0,1.0,
831,421.0,0.0,0.0,0.0,0.0,0.0,0.0,0.0,0.0,1.0,0.0,,,,,,,0.0,1.0,0.0,1.0,0.0,1.0,
469,429.0,0.0,0.0,0.0,0.0,0.0,0.0,0.0,0.0,1.0,0.0,,,,,,,0.0,1.0,0.0,1.0,0.0,1.0,
856,2079.0,0.0,0.0,0.0,0.0,0.0,0.0,0.0,0.0,1.0,0.0,,,,,,,0.0,1.0,0.0,1.0,0.0,1.0,
420,2038.0,0.0,0.0,0.0,0.0,0.0,0.0,0.0,0.0,1.0,0.0,,,,,,,0.0,1.0,0.0,1.0,0.0,1.0,
801,1541.0,0.0,0.0,0.0,0.0,0.0,0.0,0.0,0.0,1.0,0.0,,,,,,,0.0,1.0,0.0,1.0,0.0,1.0,
771,1812.0,0.0,0.0,0.0,0.0,0.0,0.0,0.0,0.0,1.0,0.0,,,,,,,0.0,1.0,0.0,1.0,0.0,1.0,
47,1316.0,0.0,0.0,0.0,0.0,0.0,0.0,0.0,0.0,1.0,0.0,,,,,,,0.0,1.0,0.0,1.0,0.0,1.0,
655,1092.0,0.0,0.0,0.0,0.0,0.0,0.0,0.0,0.0,1.0,0.0,,,,,,,0.0,1.0,0.0,1.0,0.0,1.0,
829,1447.0,0.0,0.0,0.0,0.0,0.0,0.0,0.0,0.0,1.0,0.0,,,,,,,0.0,1.0,0.0,1.0,0.0,1.0,
7,201.0,0.0,0.0,0.0,0.0,0.0,0.0,0.0,0.0,1.0,0.0,,,,,,,0.0,1.0,0.0,1.0,0.0,1.0,
669,1576.0,0.0,0.0,0.0,0.0,0.0,0.0,0.0,0.0,1.0,0.0,,,,,,,0.0,1.0,0.0,1.0,0.0,1.0,
991,902.0,0.0,0.0,0.0,0.0,0.0,0.0,0.0,0.0,1.0,0.0,,,,,,,0.0,1.0,0.0,1.0,0.0,1.0,
395,1382.0,0.0,0.0,0.0,0.0,0.0,0.0,0.0,0.0,1.0,0.0,,,,,,,0.0,1.0,0.0,1.0,0.0,1.0,
1014,763.0,0.0,0.0,0.0,0.0,0.0,0.0,0.0,0.0,1.0,0.0,,,,,,,0.0,1.0,0.0,1.0,0.0,1.0,
296,1777.0,0.0,0.0,0.0,0.0,0.0,0.0,0.0,0.0,1.0,0.0,,,,,,,0.0,1.0,0.0,1.0,0.0,1.0,
1031,1492.0,0.0,0.0,0.0,0.0,0.0,0.0,0.0,0.0,1.0,0.0,,,,,,,0.0,1.0,0.0,1.0,0.0,1.0,
994,671.0,0.0,0.0,0.0,0.0,0.0,0.0,0.0,0.0,1.0,0.0,,,,,,,0.0,1.0,0.0,1.0,0.0,1.0,
909,436.0,0.0,0.0,0.0,0.0,0.0,0.0,0.0,0.0,1.0,0.0,,,,,,,0.0,1.0,0.0,1.0,0.0,1.0,
548,607.0,0.0,0.0,0.0,0.0,0.0,0.0,0.0,0.0,1.0,0.0,,,,,,,0.0,1.0,0.0,1.0,0.0,1.0,
587,485.0,0.0,0.0,0.0,0.0,0.0,0.0,0.0,0.0,1.0,0.0,,,,,,,0.0,1.0,0.0,1.0,0.0,1.0,
183,2557.0,0.0,0.0,0.0,0.0,0.0,0.0,0.0,0.0,1.0,0.0,,,,,,,0.0,1.0,0.0,1.0,0.0,1.0,
119,740.0,0.0,0.0,0.0,0.0,0.0,0.0,0.0,0.0,1.0,0.0,,,,,,,0.0,1.0,0.0,1.0,0.0,1.0,
241,1059.0,0.0,0.0,0.0,0.0,0.0,0.0,0.0,0.0,1.0,0.0,,,,,,,0.0,1.0,0.0,1.0,0.0,1.0,
816,419.0,0.0,0.0,0.0,0.0,0.0,0.0,0.0,0.0,1.0,0.0,,,,,,,0.0,1.0,0.0,1.0,0.0,1.0,
1015,404.0,0.0,0.0,0.0,0.0,0.0,0.0,0.0,0.0,1.0,0.0,,,,,,,0.0,1.0,0.0,1.0,0.0,1.0,
199,1090.0,0.0,0.0,0.0,0.0,0.0,0.0,0.0,0.0,1.0,0.0,,,,,,,0.0,1.0,0.0,1.0,0.0,1.0,
127,1397.0,0.0,0.0,0.0,0.0,0.0,0.0,0.0,0.0,1.0,0.0,,,,,,,0.0,1.0,0.0,1.0,0.0,1.0,
65,708.0,0.0,0.0,0.0,0.0,0.0,0.0,0.0,0.0,1.0,0.0,,,,,,,0.0,1.0,0.0,1.0,0.0,1.0,
77,1597.0,0.0,0.0,0.0,0.0,0.0,0.0,0.0,0.0,1.0,0.0,,,,,,,0.0,1.0,0.0,1.0,0.0,1.0,
738,1040.0,0.0,0.0,0.0,0.0,0.0,0.0,0.0,0.0,1.0,0.0,,,,,,,0.0,1.0,0.0,1.0,0.0,1.0,
134,437.0,0.0,0.0,0.0,0.0,0.0,0.0,0.0,0.0,1.0,0.0,,,,,,,0.0,1.0,0.0,1.0,0.0,1.0,
410,1160.0,0.0,0.0,0.0,0.0,0.0,0.0,0.0,0.0,1.0,0.0,,,,,,,0.0,1.0,0.0,1.0,0.0,1.0,
764,365.0,0.0,0.0,0.0,0.0,0.0,0.0,0.0,0.0,1.0,0.0,,,,,,,0.0,1.0,0.0,1.0,0.0,1.0,
163,814.0,0.0,0.0,0.0,0.0,0.0,0.0,0.0,0.0,1.0,0.0,,,,,,,0.0,1.0,0.0,1.0,0.0,1.0,
689,2628.0,0.0,0.0,0.0,0.0,0.0,0.0,0.0,0.0,1.0,0.0,,,,,,,0.0,1.0,0.0,1.0,0.0,1.0,
980,272.0,0.0,0.0,0.0,0.0,0.0,0.0,0.0,0.0,1.0,0.0,,,,,,,0.0,1.0,0.0,1.0,0.0,1.0,
635,327.0,0.0,0.0,0.0,0.0,0.0,0.0,0.0,0.0,1.0,0.0,,,,,,,0.0,1.0,0.0,1.0,0.0,1.0,
9,358.0,0.0,0.0,0.0,0.0,0.0,0.0,0.0,0.0,1.0,0.0,,,,,,,0.0,1.0,0.0,1.0,0.0,1.0,
295,452.0,0.0,0.0,0.0,0.0,0.0,0.0,0.0,0.0,1.0,0.0,,,,,,,0.0,1.0,0.0,1.0,0.0,1.0,
324,1190.0,0.0,0.0,0.0,0.0,0.0,0.0,0.0,0.0,1.0,0.0,,,,,,,0.0,1.0,0.0,1.0,0.0,1.0,
609,994.0,0.0,0.0,0.0,0.0,0.0,0.0,0.0,0.0,1.0,0.0,,,,,,,0.0,1.0,0.0,1.0,0.0,1.0,
710,311.0,0.0,0.0,0.0,0.0,0.0,0.0,0.0,0.0,1.0,0.0,,,,,,,0.0,1.0,0.0,1.0,0.0,1.0,
858,186.0,0.0,0.0,0.0,0.0,0.0,0.0,0.0,0.0,1.0,0.0,,,,,,,0.0,1.0,0.0,1.0,0.0,1.0,
756,350.0,0.0,0.0,0.0,0.0,0.0,0.0,0.0,0.0,1.0,0.0,,,,,,,0.0,1.0,0.0,1.0,0.0,1.0,
257,552.0,0.0,0.0,0.0,0.0,0.0,0.0,0.0,0.0,1.0,0.0,,,,,,,0.0,1.0,0.0,1.0,0.0,1.0,
906,595.0,0.0,0.0,0.0,0.0,0.0,0.0,0.0,0.0,1.0,0.0,,,,,,,0.0,1.0,0.0,1.0,0.0,1.0,
425,585.0,0.0,0.0,0.0,0.0,0.0,0.0,0.0,0.0,1.0,0.0,,,,,,,0.0,1.0,0.0,1.0,0.0,1.0,
939,549.0,0.0,0.0,0.0,0.0,0.0,0.0,0.0,0.0,1.0,0.0,,,,,,,0.0,1.0,0.0,1.0,0.0,1.0,
612,357.0,0.0,0.0,0.0,0.0,0.0,0.0,0.0,0.0,1.0,0.0,,,,,,,0.0,1.0,0.0,1.0,0.0,1.0,
666,1292.0,0.0,0.0,0.0,0.0,0.0,0.0,0.0,0.0,1.0,0.0,,,,,,,0.0,1.0,0.0,1.0,0.0,1.0,
775,2491.0,0.0,0.0,0.0,0.0,0.0,0.0,0.0,0.0,1.0,0.0,,,,,,,0.0,1.0,0.0,1.0,0.0,1.0,
1045,1006.0,0.0,0.0,0.0,0.0,0.0,0.0,0.0,0.0,1.0,0.0,,,,,,,0.0,1.0,0.0,1.0,0.0,1.0,
102,1491.0,0.0,0.0,0.0,0.0,0.0,0.0,0.0,0.0,1.0,0.0,,,,,,,0.0,1.0,0.0,1.0,0.0,1.0,
173,1867.0,0.0,0.0,0.0,0.0,0.0,0.0,0.0,0.0,1.0,0.0,,,,,,,0.0,1.0,0.0,1.0,0.0,1.0,
237,1310.0,0.0,0.0,0.0,0.0,0.0,0.0,0.0,0.0,1.0,0.0,,,,,,,0.0,1.0,0.0,1.0,0.0,1.0,
1028,1308.0,0.0,0.0,0.0,0.0,0.0,0.0,0.0,0.0,1.0,0.0,,,,,,,0.0,1.0,0.0,1.0,0.0,1.0,
913,1916.0,0.0,0.0,0.0,0.0,0.0,0.0,0.0,0.0,1.0,0.0,,,,,,,0.0,1.0,0.0,1.0,0.0,1.0,
786,1910.0,0.0,0.0,0.0,0.0,0.0,0.0,0.0,0.0,1.0,0.0,,,,,,,0.0,1.0,0.0,1.0,0.0,1.0,
158,2985.0,0.0,0.0,0.0,0.0,0.0,0.0,0.0,0.0,1.0,0.0,,,,,,,0.0,1.0,0.0,1.0,0.0,1.0,
161,558.0,0.0,0.0,0.0,0.0,0.0,0.0,0.0,0.0,1.0,0.0,,,,,,,0.0,1.0,0.0,1.0,0.0,1.0,
79,2925.0,0.0,0.0,0.0,0.0,0.0,0.0,0.0,0.0,1.0,0.0,,,,,,,0.0,1.0,0.0,1.0,0.0,1.0,
726,664.0,0.0,0.0,0.0,0.0,0.0,0.0,0.0,0.0,1.0,0.0,,,,,,,0.0,1.0,0.0,1.0,0.0,1.0,
312,776.0,0.0,0.0,0.0,0.0,0.0,0.0,0.0,0.0,1.0,0.0,,,,,,,0.0,1.0,0.0,1.0,0.0,1.0,
116,1808.0,0.0,0.0,0.0,0.0,0.0,0.0,0.0,0.0,1.0,0.0,,,,,,,0.0,1.0,0.0,1.0,0.0,1.0,
165,1063.0,0.0,0.0,0.0,0.0,0.0,0.0,0.0,0.0,1.0,0.0,,,,,,,0.0,1.0,0.0,1.0,0.0,1.0,
753,991.0,0.0,0.0,0.0,0.0,0.0,0.0,0.0,0.0,1.0,0.0,,,,,,,0.0,1.0,0.0,1.0,0.0,1.0,
966,558.0,0.0,0.0,0.0,0.0,0.0,0.0,0.0,0.0,1.0,0.0,,,,,,,0.0,1.0,0.0,1.0,0.0,1.0,
143,438.0,0.0,0.0,0.0,0.0,0.0,0.0,0.0,0.0,1.0,0.0,,,,,,,0.0,1.0,0.0,1.0,0.0,1.0,
1017,767.0,0.0,0.0,0.0,0.0,0.0,0.0,0.0,0.0,1.0,0.0,,,,,,,0.0,1.0,0.0,1.0,0.0,1.0,
399,485.0,0.0,0.0,0.0,0.0,0.0,0.0,0.0,0.0,1.0,0.0,,,,,,,0.0,1.0,0.0,1.0,0.0,1.0,
736,1302.0,0.0,0.0,0.0,0.0,0.0,0.0,0.0,0.0,1.0,0.0,,,,,,,0.0,1.0,0.0,1.0,0.0,1.0,
1022,904.0,0.0,0.0,0.0,0.0,0.0,0.0,0.0,0.0,1.0,0.0,,,,,,,0.0,1.0,0.0,1.0,0.0,1.0,
558,618.0,0.0,0.0,0.0,0.0,0.0,0.0,0.0,0.0,1.0,0.0,,,,,,,0.0,1.0,0.0,1.0,0.0,1.0,
749,458.0,0.0,0.0,0.0,0.0,0.0,0.0,0.0,0.0,1.0,0.0,,,,,,,0.0,1.0,0.0,1.0,0.0,1.0,
369,930.0,0.0,0.0,0.0,0.0,0.0,0.0,0.0,0.0,1.0,0.0,,,,,,,0.0,1.0,0.0,1.0,0.0,1.0,
142,1093.0,0.0,0.0,0.0,0.0,0.0,0.0,0.0,0.0,1.0,0.0,,,,,,,0.0,1.0,0.0,1.0,0.0,1.0,
804,2069.0,0.0,0.0,0.0,0.0,0.0,0.0,0.0,0.0,1.0,0.0,,,,,,,0.0,1.0,0.0,1.0,0.0,1.0,
320,339.0,0.0,0.0,0.0,0.0,0.0,0.0,0.0,0.0,1.0,0.0,,,,,,,0.0,1.0,0.0,1.0,0.0,1.0,
170,1130.0,0.0,0.0,0.0,0.0,0.0,0.0,0.0,0.0,1.0,0.0,,,,,,,0.0,1.0,0.0,1.0,0.0,1.0,
266,386.0,0.0,0.0,0.0,0.0,0.0,0.0,0.0,0.0,1.0,0.0,,,,,,,0.0,1.0,0.0,1.0,0.0,1.0,
778,716.0,0.0,0.0,0.0,0.0,0.0,0.0,0.0,0.0,1.0,0.0,,,,,,,0.0,1.0,0.0,1.0,0.0,1.0,
639,1171.0,0.0,0.0,0.0,0.0,0.0,0.0,0.0,0.0,1.0,0.0,,,,,,,0.0,1.0,0.0,1.0,0.0,1.0,
812,412.0,0.0,0.0,0.0,0.0,0.0,0.0,0.0,0.0,1.0,0.0,,,,,,,0.0,1.0,0.0,1.0,0.0,1.0,
808,334.0,0.0,0.0,0.0,0.0,0.0,0.0,0.0,0.0,1.0,0.0,,,,,,,0.0,1.0,0.0,1.0,0.0,1.0,
1040,1515.0,0.0,0.0,0.0,0.0,0.0,0.0,0.0,0.0,1.0,0.0,,,,,,,0.0,1.0,0.0,1.0,0.0,1.0,
71,371.0,0.0,0.0,0.0,0.0,0.0,0.0,0.0,0.0,1.0,0.0,,,,,,,0.0,1.0,0.0,1.0,0.0,1.0,
167,510.0,0.0,0.0,0.0,0.0,0.0,0.0,0.0,0.0,1.0,0.0,,,,,,,0.0,1.0,0.0,1.0,0.0,1.0,
218,693.0,0.0,0.0,0.0,0.0,0.0,0.0,0.0,0.0,1.0,0.0,,,,,,,0.0,1.0,0.0,1.0,0.0,1.0,
820,654.0,0.0,0.0,0.0,0.0,0.0,0.0,0.0,0.0,1.0,0.0,,,,,,,0.0,1.0,0.0,1.0,0.0,1.0,
651,363.0,0.0,0.0,0.0,0.0,0.0,0.0,0.0,0.0,1.0,0.0,,,,,,,0.0,1.0,0.0,1.0,0.0,1.0,
554,1599.0,0.0,0.0,0.0,0.0,0.0,0.0,0.0,0.0,1.0,0.0,,,,,,,0.0,1.0,0.0,1.0,0.0,1.0,
311,2617.0,0.0,0.0,0.0,0.0,0.0,0.0,0.0,0.0,1.0,0.0,,,,,,,0.0,1.0,0.0,1.0,0.0,1.0,
965,2467.0,0.0,0.0,0.0,0.0,0.0,0.0,0.0,0.0,1.0,0.0,,,,,,,0.0,1.0,0.0,1.0,0.0,1.0,
516,587.0,0.0,0.0,0.0,0.0,0.0,0.0,0.0,0.0,1.0,0.0,,,,,,,0.0,1.0,0.0,1.0,0.0,1.0,
634,1223.0,0.0,0.0,0.0,0.0,0.0,0.0,0.0,0.0,1.0,0.0,,,,,,,0.0,1.0,0.0,1.0,0.0,1.0,
542,1996.0,0.0,0.0,0.0,0.0,0.0,0.0,0.0,0.0,1.0,0.0,,,,,,,0.0,1.0,0.0,1.0,0.0,1.0,
294,2377.0,0.0,0.0,0.0,0.0,0.0,0.0,0.0,0.0,1.0,0.0,,,,,,,0.0,1.0,0.0,1.0,0.0,1.0,
87,1094.0,0.0,0.0,0.0,0.0,0.0,0.0,0.0,0.0,1.0,0.0,,,,,,,0.0,1.0,0.0,1.0,0.0,1.0,
122,373.0,0.0,0.0,0.0,0.0,0.0,0.0,0.0,0.0,1.0,0.0,,,,,,,0.0,1.0,0.0,1.0,0.0,1.0,
934,2842.0,0.0,0.0,0.0,0.0,0.0,0.0,0.0,0.0,1.0,0.0,,,,,,,0.0,1.0,0.0,1.0,0.0,1.0,
992,974.0,0.0,0.0,0.0,0.0,0.0,0.0,0.0,0.0,1.0,0.0,,,,,,,0.0,1.0,0.0,1.0,0.0,1.0,
869,1470.0,0.0,0.0,0.0,0.0,0.0,0.0,0.0,0.0,1.0,0.0,,,,,,,0.0,1.0,0.0,1.0,0.0,1.0,
407,1783.0,0.0,0.0,0.0,0.0,0.0,0.0,0.0,0.0,1.0,0.0,,,,,,,0.0,1.0,0.0,1.0,0.0,1.0,
629,2935.0,0.0,0.0,0.0,0.0,0.0,0.0,0.0,0.0,1.0,0.0,,,,,,,0.0,1.0,0.0,1.0,0.0,1.0,
99,2537.0,0.0,0.0,0.0,0.0,0.0,0.0,0.0,0.0,1.0,0.0,,,,,,,0.0,1.0,0.0,1.0,0.0,1.0,
550,2822.0,0.0,0.0,0.0,0.0,0.0,0.0,0.0,0.0,1.0,0.0,,,,,,,0.0,1.0,0.0,1.0,0.0,1.0,
240,183.0,0.0,0.0,0.0,0.0,0.0,0.0,0.0,0.0,1.0,0.0,,,,,,,0.0,1.0,0.0,1.0,0.0,1.0,
998,418.0,0.0,0.0,0.0,0.0,0.0,0.0,0.0,0.0,1.0,0.0,,,,,,,0.0,1.0,0.0,1.0,0.0,1.0,
667,2962.0,0.0,0.0,0.0,0.0,0.0,0.0,0.0,0.0,1.0,0.0,,,,,,,0.0,1.0,0.0,1.0,0.0,1.0,
873,2404.0,0.0,0.0,0.0,0.0,0.0,0.0,0.0,0.0,1.0,0.0,,,,,,,0.0,1.0,0.0,1.0,0.0,1.0,
976,1584.0,0.0,0.0,0.0,0.0,0.0,0.0,0.0,0.0,1.0,0.0,,,,,,,0.0,1.0,0.0,1.0,0.0,1.0,
741,1448.0,0.0,0.0,0.0,0.0,0.0,0.0,0.0,0.0,1.0,0.0,,,,,,,0.0,1.0,0.0,1.0,0.0,1.0,
865,466.0,0.0,0.0,0.0,0.0,0.0,0.0,0.0,0.0,1.0,0.0,,,,,,,0.0,1.0,0.0,1.0,0.0,1.0,
386,358.0,0.0,0.0,0.0,0.0,0.0,0.0,0.0,0.0,1.0,0.0,,,,,,,0.0,1.0,0.0,1.0,0.0,1.0,
799,497.0,0.0,0.0,0.0,0.0,0.0,0.0,0.0,0.0,1.0,0.0,,,,,,,0.0,1.0,0.0,1.0,0.0,1.0,
595,1933.0,0.0,0.0,0.0,0.0,0.0,0.0,0.0,0.0,1.0,0.0,,,,,,,0.0,1.0,0.0,1.0,0.0,1.0,
29,617.0,0.0,0.0,0.0,0.0,0.0,0.0,0.0,0.0,1.0,0.0,,,,,,,0.0,1.0,0.0,1.0,0.0,1.0,
363,656.0,0.0,0.0,0.0,0.0,0.0,0.0,0.0,0.0,1.0,0.0,,,,,,,0.0,1.0,0.0,1.0,0.0,1.0,
365,2530.0,0.0,0.0,0.0,0.0,0.0,0.0,0.0,0.0,1.0,0.0,,,,,,,0.0,1.0,0.0,1.0,0.0,1.0,
668,413.0,0.0,0.0,0.0,0.0,0.0,0.0,0.0,0.0,1.0,0.0,,,,,,,0.0,1.0,0.0,1.0,0.0,1.0,
202,1733.0,0.0,0.0,0.0,0.0,0.0,0.0,0.0,0.0,1.0,0.0,,,,,,,0.0,1.0,0.0,1.0,0.0,1.0,
857,172.0,0.0,0.0,0.0,0.0,0.0,0.0,0.0,0.0,1.0,0.0,,,,,,,0.0,1.0,0.0,1.0,0.0,1.0,
972,367.0,0.0,0.0,0.0,0.0,0.0,0.0,0.0,0.0,1.0,0.0,,,,,,,0.0,1.0,0.0,1.0,0.0,1.0,
672,2621.0,0.0,0.0,0.0,0.0,0.0,0.0,0.0,0.0,1.0,0.0,,,,,,,0.0,1.0,0.0,1.0,0.0,1.0,
877,1448.0,0.0,0.0,0.0,0.0,0.0,0.0,0.0,0.0,1.0,0.0,,,,,,,0.0,1.0,0.0,1.0,0.0,1.0,
656,1061.0,0.0,0.0,0.0,0.0,0.0,0.0,0.0,0.0,1.0,0.0,,,,,,,0.0,1.0,0.0,1.0,0.0,1.0,
660,276.0,0.0,0.0,0.0,0.0,0.0,0.0,0.0,0.0,1.0,0.0,,,,,,,0.0,1.0,0.0,1.0,0.0,1.0,
383,1668.0,0.0,0.0,0.0,0.0,0.0,0.0,0.0,0.0,1.0,0.0,,,,,,,0.0,1.0,0.0,1.0,0.0,1.0,
531,1371.0,0.0,0.0,0.0,0.0,0.0,0.0,0.0,0.0,1.0,0.0,,,,,,,0.0,1.0,0.0,1.0,0.0,1.0,
318,438.0,0.0,0.0,0.0,0.0,0.0,0.0,0.0,0.0,1.0,0.0,,,,,,,0.0,1.0,0.0,1.0,0.0,1.0,
391,2503.0,0.0,0.0,0.0,0.0,0.0,0.0,0.0,0.0,1.0,0.0,,,,,,,0.0,1.0,0.0,1.0,0.0,1.0,
24,971.0,0.0,0.0,0.0,0.0,0.0,0.0,0.0,0.0,1.0,0.0,,,,,,,0.0,1.0,0.0,1.0,0.0,1.0,
78,1721.0,0.0,0.0,0.0,0.0,0.0,0.0,0.0,0.0,1.0,0.0,,,,,,,0.0,1.0,0.0,1.0,0.0,1.0,
999,717.0,0.0,0.0,0.0,0.0,0.0,0.0,0.0,0.0,1.0,0.0,,,,,,,0.0,1.0,0.0,1.0,0.0,1.0,
44,1434.0,0.0,0.0,0.0,0.0,0.0,0.0,0.0,0.0,1.0,0.0,,,,,,,0.0,1.0,0.0,1.0,0.0,1.0,
84,915.0,0.0,0.0,0.0,0.0,0.0,0.0,0.0,0.0,1.0,0.0,,,,,,,0.0,1.0,0.0,1.0,0.0,1.0,
135,1335.0,0.0,0.0,0.0,0.0,0.0,0.0,0.0,0.0,1.0,0.0,,,,,,,0.0,1.0,0.0,1.0,0.0,1.0,
340,2019.0,0.0,0.0,0.0,0.0,0.0,0.0,0.0,0.0,1.0,0.0,,,,,,,0.0,1.0,0.0,1.0,0.0,1.0,
1027,1572.0,0.0,0.0,0.0,0.0,0.0,0.0,0.0,0.0,1.0,0.0,,,,,,,0.0,1.0,0.0,1.0,0.0,1.0,
271,341.0,0.0,0.0,0.0,0.0,0.0,0.0,0.0,0.0,1.0,0.0,,,,,,,0.0,1.0,0.0,1.0,0.0,1.0,
370,607.0,0.0,0.0,0.0,0.0,0.0,0.0,0.0,0.0,1.0,0.0,,,,,,,0.0,1.0,0.0,1.0,0.0,1.0,
968,432.0,0.0,0.0,0.0,0.0,0.0,0.0,0.0,0.0,1.0,0.0,,,,,,,0.0,1.0,0.0,1.0,0.0,1.0,
330,515.0,0.0,0.0,0.0,0.0,0.0,0.0,0.0,0.0,1.0,0.0,,,,,,,0.0,1.0,0.0,1.0,0.0,1.0,
384,1221.0,0.0,0.0,0.0,0.0,0.0,0.0,0.0,0.0,1.0,0.0,,,,,,,0.0,1.0,0.0,1.0,0.0,1.0,
800,1262.0,0.0,0.0,0.0,0.0,0.0,0.0,0.0,0.0,1.0,0.0,,,,,,,0.0,1.0,0.0,1.0,0.0,1.0,
133,2289.0,0.0,0.0,0.0,0.0,0.0,0.0,0.0,0.0,1.0,0.0,,,,,,,0.0,1.0,0.0,1.0,0.0,1.0,
504,2704.0,0.0,0.0,0.0,0.0,0.0,0.0,0.0,0.0,1.0,0.0,,,,,,,0.0,1.0,0.0,1.0,0.0,1.0,
845,183.0,0.0,0.0,0.0,0.0,0.0,0.0,0.0,0.0,1.0,0.0,,,,,,,0.0,1.0,0.0,1.0,0.0,1.0,
198,2449.0,0.0,0.0,0.0,0.0,0.0,0.0,0.0,0.0,1.0,0.0,,,,,,,0.0,1.0,0.0,1.0,0.0,1.0,
28,708.0,0.0,0.0,0.0,0.0,0.0,0.0,0.0,0.0,1.0,0.0,,,,,,,0.0,1.0,0.0,1.0,0.0,1.0,
946,1308.0,0.0,0.0,0.0,0.0,0.0,0.0,0.0,0.0,1.0,0.0,,,,,,,0.0,1.0,0.0,1.0,0.0,1.0,
162,298.0,0.0,0.0,0.0,0.0,0.0,0.0,0.0,0.0,1.0,0.0,,,,,,,0.0,1.0,0.0,1.0,0.0,1.0,
759,2649.0,0.0,0.0,0.0,0.0,0.0,0.0,0.0,0.0,1.0,0.0,,,,,,,0.0,1.0,0.0,1.0,0.0,1.0,
346,919.0,0.0,0.0,0.0,0.0,0.0,0.0,0.0,0.0,1.0,0.0,,,,,,,0.0,1.0,0.0,1.0,0.0,1.0,
828,709.0,0.0,0.0,0.0,0.0,0.0,0.0,0.0,0.0,1.0,0.0,,,,,,,0.0,1.0,0.0,1.0,0.0,1.0,
326,1965.0,0.0,0.0,0.0,0.0,0.0,0.0,0.0,0.0,1.0,0.0,,,,,,,0.0,1.0,0.0,1.0,0.0,1.0,
770,760.0,0.0,0.0,0.0,0.0,0.0,0.0,0.0,0.0,1.0,0.0,,,,,,,0.0,1.0,0.0,1.0,0.0,1.0,
636,932.0,0.0,0.0,0.0,0.0,0.0,0.0,0.0,0.0,1.0,0.0,,,,,,,0.0,1.0,0.0,1.0,0.0,1.0,
45,307.0,0.0,0.0,0.0,0.0,0.0,0.0,0.0,0.0,1.0,0.0,,,,,,,0.0,1.0,0.0,1.0,0.0,1.0,
23,2559.0,0.0,0.0,0.0,0.0,0.0,0.0,0.0,0.0,1.0,0.0,,,,,,,0.0,1.0,0.0,1.0,0.0,1.0,
357,1518.0,0.0,0.0,0.0,0.0,0.0,0.0,0.0,0.0,1.0,0.0,,,,,,,0.0,1.0,0.0,1.0,0.0,1.0,
844,1246.0,0.0,0.0,0.0,0.0,0.0,0.0,0.0,0.0,1.0,0.0,,,,,,,0.0,1.0,0.0,1.0,0.0,1.0,
129,2367.0,0.0,0.0,0.0,0.0,0.0,0.0,0.0,0.0,1.0,0.0,,,,,,,0.0,1.0,0.0,1.0,0.0,1.0,
419,2028.0,0.0,0.0,0.0,0.0,0.0,0.0,0.0,0.0,1.0,0.0,,,,,,,0.0,1.0,0.0,1.0,0.0,1.0,
578,2351.0,0.0,0.0,0.0,0.0,0.0,0.0,0.0,0.0,1.0,0.0,,,,,,,0.0,1.0,0.0,1.0,0.0,1.0,
752,809.0,0.0,0.0,0.0,0.0,0.0,0.0,0.0,0.0,1.0,0.0,,,,,,,0.0,1.0,0.0,1.0,0.0,1.0,
567,1802.0,0.0,0.0,0.0,0.0,0.0,0.0,0.0,0.0,1.0,0.0,,,,,,,0.0,1.0,0.0,1.0,0.0,1.0,
382,246.0,0.0,0.0,0.0,0.0,0.0,0.0,0.0,0.0,1.0,0.0,,,,,,,0.0,1.0,0.0,1.0,0.0,1.0,
592,532.0,0.0,0.0,0.0,0.0,0.0,0.0,0.0,0.0,1.0,0.0,,,,,,,0.0,1.0,0.0,1.0,0.0,1.0,
862,1645.0,0.0,0.0,0.0,0.0,0.0,0.0,0.0,0.0,1.0,0.0,,,,,,,0.0,1.0,0.0,1.0,0.0,1.0,
523,480.0,0.0,0.0,0.0,0.0,0.0,0.0,0.0,0.0,1.0,0.0,,,,,,,0.0,1.0,0.0,1.0,0.0,1.0,
412,1487.0,0.0,0.0,0.0,0.0,0.0,0.0,0.0,0.0,1.0,0.0,,,,,,,0.0,1.0,0.0,1.0,0.0,1.0,
810,448.0,0.0,0.0,0.0,0.0,0.0,0.0,0.0,0.0,1.0,0.0,,,,,,,0.0,1.0,0.0,1.0,0.0,1.0,
1036,562.0,0.0,0.0,0.0,0.0,0.0,0.0,0.0,0.0,1.0,0.0,,,,,,,0.0,1.0,0.0,1.0,0.0,1.0,
12,860.0,0.0,0.0,0.0,0.0,0.0,0.0,0.0,0.0,1.0,0.0,,,,,,,0.0,1.0,0.0,1.0,0.0,1.0,
285,192.0,0.0,0.0,0.0,0.0,0.0,0.0,0.0,0.0,1.0,0.0,,,,,,,0.0,1.0,0.0,1.0,0.0,1.0,
645,1827.0,0.0,0.0,0.0,0.0,0.0,0.0,0.0,0.0,1.0,0.0,,,,,,,0.0,1.0,0.0,1.0,0.0,1.0,
267,523.0,0.0,0.0,0.0,0.0,0.0,0.0,0.0,0.0,1.0,0.0,,,,,,,0.0,1.0,0.0,1.0,0.0,1.0,
546,762.0,0.0,0.0,0.0,0.0,0.0,0.0,0.0,0.0,1.0,0.0,,,,,,,0.0,1.0,0.0,1.0,0.0,1.0,
933,1273.0,0.0,0.0,0.0,0.0,0.0,0.0,0.0,0.0,1.0,0.0,,,,,,,0.0,1.0,0.0,1.0,0.0,1.0,
796,1185.0,0.0,0.0,0.0,0.0,0.0,0.0,0.0,0.0,1.0,0.0,,,,,,,0.0,1.0,0.0,1.0,0.0,1.0,
246,647.0,0.0,0.0,0.0,0.0,0.0,0.0,0.0,0.0,1.0,0.0,,,,,,,0.0,1.0,0.0,1.0,0.0,1.0,
1016,1310.0,0.0,0.0,0.0,0.0,0.0,0.0,0.0,0.0,1.0,0.0,,,,,,,0.0,1.0,0.0,1.0,0.0,1.0,
515,928.0,0.0,0.0,0.0,0.0,0.0,0.0,0.0,0.0,1.0,0.0,,,,,,,0.0,1.0,0.0,1.0,0.0,1.0,
300,1481.0,0.0,0.0,0.0,0.0,0.0,0.0,0.0,0.0,1.0,0.0,,,,,,,0.0,1.0,0.0,1.0,0.0,1.0,
757,869.0,0.0,0.0,0.0,0.0,0.0,0.0,0.0,0.0,1.0,0.0,,,,,,,0.0,1.0,0.0,1.0,0.0,1.0,
663,214.0,0.0,0.0,0.0,0.0,0.0,0.0,0.0,0.0,1.0,0.0,,,,,,,0.0,1.0,0.0,1.0,0.0,1.0,
754,1551.0,0.0,0.0,0.0,0.0,0.0,0.0,0.0,0.0,1.0,0.0,,,,,,,0.0,1.0,0.0,1.0,0.0,1.0,
6,221.0,0.0,0.0,0.0,0.0,0.0,0.0,0.0,0.0,1.0,0.0,,,,,,,0.0,1.0,0.0,1.0,0.0,1.0,
1010,1071.0,0.0,0.0,0.0,0.0,0.0,0.0,0.0,0.0,1.0,0.0,,,,,,,0.0,1.0,0.0,1.0,0.0,1.0,
590,1439.0,0.0,0.0,0.0,0.0,0.0,0.0,0.0,0.0,1.0,0.0,,,,,,,0.0,1.0,0.0,1.0,0.0,1.0,
376,664.0,0.0,0.0,0.0,0.0,0.0,0.0,0.0,0.0,1.0,0.0,,,,,,,0.0,1.0,0.0,1.0,0.0,1.0,
644,2291.0,0.0,0.0,0.0,0.0,0.0,0.0,0.0,0.0,1.0,0.0,,,,,,,0.0,1.0,0.0,1.0,0.0,1.0,
664,1710.0,0.0,0.0,0.0,0.0,0.0,0.0,0.0,0.0,1.0,0.0,,,,,,,0.0,1.0,0.0,1.0,0.0,1.0,
42,2523.0,0.0,0.0,0.0,0.0,0.0,0.0,0.0,0.0,1.0,0.0,,,,,,,0.0,1.0,0.0,1.0,0.0,1.0,
441,631.0,0.0,0.0,0.0,0.0,0.0,0.0,0.0,0.0,1.0,0.0,,,,,,,0.0,1.0,0.0,1.0,0.0,1.0,
201,893.0,0.0,0.0,0.0,0.0,0.0,0.0,0.0,0.0,1.0,0.0,,,,,,,0.0,1.0,0.0,1.0,0.0,1.0,
309,709.0,0.0,0.0,0.0,0.0,0.0,0.0,0.0,0.0,1.0,0.0,,,,,,,0.0,1.0,0.0,1.0,0.0,1.0,
248,983.0,0.0,0.0,0.0,0.0,0.0,0.0,0.0,0.0,1.0,0.0,,,,,,,0.0,1.0,0.0,1.0,0.0,1.0,
693,2926.0,0.0,0.0,0.0,0.0,0.0,0.0,0.0,0.0,1.0,0.0,,,,,,,0.0,1.0,0.0,1.0,0.0,1.0,
286,862.0,0.0,0.0,0.0,0.0,0.0,0.0,0.0,0.0,1.0,0.0,,,,,,,0.0,1.0,0.0,1.0,0.0,1.0,
551,1323.0,0.0,0.0,0.0,0.0,0.0,0.0,0.0,0.0,1.0,0.0,,,,,,,0.0,1.0,0.0,1.0,0.0,1.0,
146,964.0,0.0,0.0,0.0,0.0,0.0,0.0,0.0,0.0,1.0,0.0,,,,,,,0.0,1.0,0.0,1.0,0.0,1.0,
291,1577.0,0.0,0.0,0.0,0.0,0.0,0.0,0.0,0.0,1.0,0.0,,,,,,,0.0,1.0,0.0,1.0,0.0,1.0,
951,497.0,0.0,0.0,0.0,0.0,0.0,0.0,0.0,0.0,1.0,0.0,,,,,,,0.0,1.0,0.0,1.0,0.0,1.0,
1002,350.0,0.0,0.0,0.0,0.0,0.0,0.0,0.0,0.0,1.0,0.0,,,,,,,0.0,1.0,0.0,1.0,0.0,1.0,
228,2777.0,0.0,0.0,0.0,0.0,0.0,0.0,0.0,0.0,1.0,0.0,,,,,,,0.0,1.0,0.0,1.0,0.0,1.0,
614,2178.0,0.0,0.0,0.0,0.0,0.0,0.0,0.0,0.0,1.0,0.0,,,,,,,0.0,1.0,0.0,1.0,0.0,1.0,
401,1393.0,0.0,0.0,0.0,0.0,0.0,0.0,0.0,0.0,1.0,0.0,,,,,,,0.0,1.0,0.0,1.0,0.0,1.0,
194,966.0,0.0,0.0,0.0,0.0,0.0,0.0,0.0,0.0,1.0,0.0,,,,,,,0.0,1.0,0.0,1.0,0.0,1.0,
207,1602.0,0.0,0.0,0.0,0.0,0.0,0.0,0.0,0.0,1.0,0.0,,,,,,,0.0,1.0,0.0,1.0,0.0,1.0,
607,1325.0,0.0,0.0,0.0,0.0,0.0,0.0,0.0,0.0,1.0,0.0,,,,,,,0.0,1.0,0.0,1.0,0.0,1.0,
822,1346.0,0.0,0.0,0.0,0.0,0.0,0.0,0.0,0.0,1.0,0.0,,,,,,,0.0,1.0,0.0,1.0,0.0,1.0,
797,1513.0,0.0,0.0,0.0,0.0,0.0,0.0,0.0,0.0,1.0,0.0,,,,,,,0.0,1.0,0.0,1.0,0.0,1.0,
247,193.0,0.0,0.0,0.0,0.0,0.0,0.0,0.0,0.0,1.0,0.0,,,,,,,0.0,1.0,0.0,1.0,0.0,1.0,
76,2101.0,0.0,0.0,0.0,0.0,0.0,0.0,0.0,0.0,1.0,0.0,,,,,,,0.0,1.0,0.0,1.0,0.0,1.0,
1030,849.0,0.0,0.0,0.0,0.0,0.0,0.0,0.0,0.0,1.0,0.0,,,,,,,0.0,1.0,0.0,1.0,0.0,1.0,
51,363.0,0.0,0.0,0.0,0.0,0.0,0.0,0.0,0.0,1.0,0.0,,,,,,,0.0,1.0,0.0,1.0,0.0,1.0,
920,1599.0,0.0,0.0,0.0,0.0,0.0,0.0,0.0,0.0,1.0,0.0,,,,,,,0.0,1.0,0.0,1.0,0.0,1.0,
884,2005.0,0.0,0.0,0.0,0.0,0.0,0.0,0.0,0.0,1.0,0.0,,,,,,,0.0,1.0,0.0,1.0,0.0,1.0,
192,319.0,0.0,0.0,0.0,0.0,0.0,0.0,0.0,0.0,1.0,0.0,,,,,,,0.0,1.0,0.0,1.0,0.0,1.0,
923,508.0,0.0,0.0,0.0,0.0,0.0,0.0,0.0,0.0,1.0,0.0,,,,,,,0.0,1.0,0.0,1.0,0.0,1.0,
288,2067.0,0.0,0.0,0.0,0.0,0.0,0.0,0.0,0.0,1.0,0.0,,,,,,,0.0,1.0,0.0,1.0,0.0,1.0,
423,528.0,0.0,0.0,0.0,0.0,0.0,0.0,0.0,0.0,1.0,0.0,,,,,,,0.0,1.0,0.0,1.0,0.0,1.0,
200,399.0,0.0,0.0,0.0,0.0,0.0,0.0,0.0,0.0,1.0,0.0,,,,,,,0.0,1.0,0.0,1.0,0.0,1.0,
618,613.0,0.0,0.0,0.0,0.0,0.0,0.0,0.0,0.0,1.0,0.0,,,,,,,0.0,1.0,0.0,1.0,0.0,1.0,
895,1425.0,0.0,0.0,0.0,0.0,0.0,0.0,0.0,0.0,1.0,0.0,,,,,,,0.0,1.0,0.0,1.0,0.0,1.0,
698,176.0,0.0,0.0,0.0,0.0,0.0,0.0,0.0,0.0,1.0,0.0,,,,,,,0.0,1.0,0.0,1.0,0.0,1.0,
782,522.0,0.0,0.0,0.0,0.0,0.0,0.0,0.0,0.0,1.0,0.0,,,,,,,0.0,1.0,0.0,1.0,0.0,1.0,
570,1416.0,0.0,0.0,0.0,0.0,0.0,0.0,0.0,0.0,1.0,0.0,,,,,,,0.0,1.0,0.0,1.0,0.0,1.0,
